log_id,user_id,device_type,os_version,app_version,ip_address,login_time
L0001,U001,iPhone,iOS17,5.2.3,10.10.118.185,2026-05-10 08:38:00
L0002,U002,iPhone,iOS17,5.2.4,10.10.86.33,2026-05-10 13:02:00
L0003,U003,Android,iOS17,5.2.3,10.10.29.219,2026-05-08 16:46:00
L0004,U004,iPhone,iOS18,5.2.3,10.10.195.88,2026-05-13 15:08:00
L0005,U005,iPhone,Android 14,5.2.3,10.10.148.249,2026-05-10 20:03:00
L0006,U006,Android,Android 13,5.2.7,10.10.220.134,2026-05-14 14:57:00
L0007,U007,Android,iOS18,5.2.8,10.10.72.4,2026-05-13 21:36:00
L0008,U008,Android,Android 14,5.2.6,10.10.112.149,2026-05-13 04:55:00
L0009,U009,Android,Android 13,5.2.7,10.10.251.12,2026-05-10 20:44:00
L0010,U010,iPhone,Android 13,5.2.7,10.10.136.101,2026-05-08 18:57:00
L0011,U011,Android,iOS18,5.2.8,10.10.62.22,2026-05-13 18:53:00
L0012,U012,Android,iOS18,5.2.4,10.10.34.92,2026-05-14 16:31:00
L0013,U013,Android,Android 13,5.2.1,10.10.123.172,2026-05-11 16:47:00
L0014,U014,Android,iOS18,5.2.1,10.10.250.117,2026-05-11 19:15:00
L0015,U015,Android,iOS18,5.2.3,10.10.203.224,2026-05-13 14:39:00
L0016,U016,iPhone,Android 13,5.2.2,10.10.99.229,2026-05-12 13:09:00
L0017,U017,Android,iOS17,5.2.7,10.10.193.70,2026-05-12 02:55:00
L0018,U018,Android,Android 13,5.2.6,10.10.189.239,2026-05-14 12:08:00
L0019,U019,iPhone,Android 13,5.2.2,10.10.99.94,2026-05-08 22:59:00
L0020,U020,Android,iOS17,5.2.6,10.10.45.166,2026-05-13 15:05:00
L0021,U021,Android,Android 14,5.2.3,10.10.252.86,2026-05-14 16:36:00
L0022,U022,Android,iOS18,5.2.4,10.10.193.191,2026-05-11 01:10:00
L0023,U023,iPhone,iOS17,5.2.5,10.10.129.175,2026-05-10 21:34:00
L0024,U024,iPhone,Android 13,5.2.2,10.10.96.89,2026-05-13 03:30:00
L0025,U025,iPhone,Android 13,5.2.8,10.10.182.137,2026-05-13 11:33:00
L0026,U026,iPhone,iOS18,5.2.6,10.10.205.173,2026-05-14 09:31:00
L0027,U027,Android,iOS18,5.2.2,10.10.21.101,2026-05-09 01:56:00
L0028,U028,iPhone,Android 13,5.2.2,10.10.43.71,2026-05-10 08:50:00
L0029,U029,Android,iOS18,5.2.3,10.10.224.53,2026-05-09 14:36:00
L0030,U030,Android,iOS17,5.2.7,10.10.249.175,2026-05-14 06:11:00
L0031,U031,Android,iOS18,5.2.6,10.10.108.114,2026-05-14 11:51:00
L0032,U032,iPhone,Android 14,5.2.2,10.10.6.224,2026-05-08 13:52:00
L0033,U033,iPhone,iOS18,5.2.6,10.10.168.166,2026-05-10 23:27:00
L0034,U034,iPhone,iOS18,5.2.8,10.10.78.146,2026-05-12 01:07:00
L0035,U035,iPhone,Android 14,5.2.5,10.10.59.124,2026-05-09 20:02:00
L0036,U036,iPhone,Android 13,5.2.3,10.10.91.73,2026-05-12 13:34:00
L0037,U037,Android,Android 14,5.2.9,10.10.74.47,2026-05-13 12:30:00
L0038,U038,Android,Android 14,5.2.4,10.10.30.11,2026-05-10 07:54:00
L0039,U039,Android,iOS18,5.2.5,10.10.95.48,2026-05-11 22:28:00
L0040,U040,Android,iOS17,5.2.6,10.10.38.96,2026-05-10 16:02:00
L0041,U041,Android,iOS17,5.2.2,10.10.236.7,2026-05-13 10:28:00
L0042,U042,iPhone,Android 14,5.2.8,10.10.238.82,2026-05-12 22:29:00
L0043,U043,Android,iOS17,5.2.5,10.10.122.230,2026-05-10 02:37:00
L0044,U044,Android,iOS18,5.2.6,10.10.177.29,2026-05-11 15:09:00
L0045,U045,Android,Android 14,5.2.9,10.10.30.79,2026-05-13 18:48:00
L0046,U046,iPhone,Android 14,5.2.8,10.10.92.24,2026-05-08 14:47:00
L0047,U047,Android,Android 14,5.2.9,10.10.57.201,2026-05-12 01:08:00
L0048,U048,Android,Android 13,5.2.2,10.10.138.218,2026-05-11 11:54:00
L0049,U049,Android,iOS18,5.2.4,10.10.126.82,2026-05-13 09:39:00
L0050,U050,Android,iOS17,5.2.7,10.10.38.184,2026-05-15 04:43:00
L0051,U051,iPhone,iOS18,5.2.6,10.10.4.73,2026-05-13 04:47:00
L0052,U052,iPhone,iOS17,5.2.8,10.10.224.144,2026-05-12 06:12:00
L0053,U053,Android,iOS18,5.2.7,10.10.206.114,2026-05-09 07:56:00
L0054,U054,Android,iOS18,5.2.7,10.10.36.214,2026-05-11 14:49:00
L0055,U055,Android,Android 14,5.2.4,10.10.78.122,2026-05-15 00:21:00
L0056,U056,iPhone,Android 13,5.2.7,10.10.23.2,2026-05-14 07:27:00
L0057,U057,iPhone,iOS18,5.2.3,10.10.143.119,2026-05-12 23:49:00
L0058,U058,Android,Android 14,5.2.3,10.10.214.98,2026-05-14 19:05:00
L0059,U059,iPhone,Android 13,5.2.5,10.10.214.150,2026-05-11 15:03:00
L0060,U060,iPhone,iOS18,5.2.4,10.10.7.203,2026-05-11 19:00:00
L0061,U061,Android,iOS17,5.2.5,10.10.245.164,2026-05-08 08:41:00
L0062,U062,Android,iOS17,5.2.7,10.10.46.126,2026-05-13 17:03:00
L0063,U063,Android,Android 13,5.2.5,10.10.127.255,2026-05-11 02:50:00
L0064,U064,iPhone,iOS18,5.2.7,10.10.223.67,2026-05-09 02:14:00
L0065,U065,Android,iOS17,5.2.9,10.10.188.148,2026-05-13 18:00:00
L0066,U066,iPhone,Android 14,5.2.1,10.10.38.82,2026-05-08 12:48:00
L0067,U067,Android,iOS17,5.2.3,10.10.14.70,2026-05-13 13:54:00
L0068,U068,iPhone,iOS17,5.2.1,10.10.75.75,2026-05-12 10:38:00
L0069,U069,Android,Android 14,5.2.3,10.10.196.25,2026-05-14 08:38:00
L0070,U070,Android,iOS17,5.2.6,10.10.212.217,2026-05-15 03:31:00
L0071,U071,iPhone,iOS17,5.2.2,10.10.137.149,2026-05-11 18:13:00
L0072,U072,Android,Android 13,5.2.3,10.10.133.73,2026-05-12 08:02:00
L0073,U073,iPhone,iOS18,5.2.6,10.10.236.234,2026-05-12 13:52:00
L0074,U074,Android,Android 14,5.2.3,10.10.129.57,2026-05-10 04:32:00
L0075,U075,Android,iOS18,5.2.8,10.10.235.20,2026-05-10 11:28:00
L0076,U076,Android,Android 13,5.2.8,10.10.90.80,2026-05-09 15:50:00
L0077,U077,Android,iOS18,5.2.9,10.10.196.249,2026-05-12 11:01:00
L0078,U078,Android,iOS17,5.2.1,10.10.191.209,2026-05-12 05:25:00
L0079,U079,Android,Android 14,5.2.3,10.10.177.59,2026-05-09 16:24:00
L0080,U080,Android,Android 14,5.2.3,10.10.252.21,2026-05-11 19:57:00
L0081,U081,Android,Android 13,5.2.1,10.10.199.124,2026-05-13 04:01:00
L0082,U082,Android,Android 14,5.2.2,10.10.9.204,2026-05-13 05:46:00
L0083,U083,Android,iOS18,5.2.2,10.10.233.65,2026-05-14 04:13:00
L0084,U084,Android,iOS17,5.2.1,10.10.194.25,2026-05-08 19:50:00
L0085,U085,Android,Android 14,5.2.3,10.10.172.90,2026-05-09 17:49:00
L0086,U086,Android,Android 14,5.2.5,10.10.243.149,2026-05-08 16:00:00
L0087,U087,iPhone,Android 14,5.2.9,10.10.200.187,2026-05-12 06:59:00
L0088,U088,Android,Android 13,5.2.1,10.10.136.56,2026-05-11 02:03:00
L0089,U089,iPhone,Android 14,5.2.9,10.10.2.250,2026-05-10 12:19:00
L0090,U090,Android,iOS18,5.2.6,10.10.179.151,2026-05-09 10:57:00
L0091,U091,iPhone,Android 13,5.2.3,10.10.214.91,2026-05-10 10:34:00
L0092,U092,iPhone,Android 14,5.2.9,10.10.59.105,2026-05-12 15:40:00
L0093,U093,iPhone,Android 13,5.2.8,10.10.29.134,2026-05-09 14:49:00
L0094,U094,iPhone,iOS17,5.2.5,10.10.143.185,2026-05-09 21:07:00
L0095,U095,Android,iOS17,5.2.8,10.10.30.99,2026-05-08 19:06:00
L0096,U096,iPhone,iOS17,5.2.8,10.10.58.142,2026-05-11 13:27:00
L0097,U097,iPhone,iOS18,5.2.4,10.10.220.18,2026-05-12 23:13:00
L0098,U098,iPhone,Android 14,5.2.1,10.10.173.126,2026-05-13 17:54:00
L0099,U099,iPhone,iOS18,5.2.9,10.10.169.174,2026-05-09 12:44:00
L0100,U100,Android,Android 14,5.2.7,10.10.103.178,2026-05-09 07:13:00
