txn_id,user_id,merchant_id,bank_id,amount,status,payment_mode,txn_time
TXN00001,U097,M060,B105,3071.14,SUCCESS,UPI,2026-05-08 16:52:43
TXN00002,U064,M042,B102,2463.37,SUCCESS,UPI,2026-05-08 09:02:41
TXN00003,U044,M036,B105,3520.86,SUCCESS,UPI,2026-05-08 17:24:22
TXN00004,U067,M025,B101,1244.71,SUCCESS,UPI,2026-05-08 08:22:10
TXN00005,U098,M031,B104,3247.22,SUCCESS,UPI,2026-05-09 04:12:48
TXN00006,U012,M038,B102,2051.79,SUCCESS,UPI,2026-05-08 08:37:40
TXN00007,U048,M061,B105,2678.06,SUCCESS,UPI,2026-05-09 05:10:25
TXN00008,U043,M046,B104,1391.04,SUCCESS,UPI,2026-05-09 04:02:20
TXN00009,U093,M025,B103,641.8,SUCCESS,UPI,2026-05-08 12:23:34
TXN00010,U025,M028,B104,1418.67,SUCCESS,UPI,2026-05-08 14:44:27
TXN00011,U077,M037,B101,4171.51,SUCCESS,UPI,2026-05-09 03:06:05
TXN00012,U023,M039,B101,3554.69,SUCCESS,UPI,2026-05-08 21:08:21
TXN00013,U007,M071,B103,3502.22,SUCCESS,UPI,2026-05-08 09:39:25
TXN00014,U014,M002,B105,1457.48,SUCCESS,UPI,2026-05-09 01:52:20
TXN00015,U024,M007,B103,4708.26,SUCCESS,UPI,2026-05-08 20:24:17
TXN00016,U052,M063,B101,2906.25,SUCCESS,UPI,2026-05-08 10:22:44
TXN00017,U020,M073,B103,471.65,SUCCESS,UPI,2026-05-08 13:31:27
TXN00018,U098,M054,B105,3000.83,SUCCESS,UPI,2026-05-09 04:19:07
TXN00019,U049,M058,B104,1521.9,SUCCESS,UPI,2026-05-09 03:01:34
TXN00020,U040,M073,B105,348.14,PENDING,UPI,2026-05-08 23:36:47
TXN00021,U098,M027,B102,1360.0,SUCCESS,UPI,2026-05-08 11:36:46
TXN00022,U023,M071,B101,824.84,SUCCESS,UPI,2026-05-08 16:43:59
TXN00023,U061,M038,B101,1195.81,SUCCESS,UPI,2026-05-09 05:37:12
TXN00024,U010,M088,B102,4623.36,SUCCESS,UPI,2026-05-09 00:31:50
TXN00025,U076,M085,B102,2154.44,SUCCESS,UPI,2026-05-09 06:45:27
TXN00026,U020,M035,B102,403.48,SUCCESS,UPI,2026-05-09 07:34:46
TXN00027,U077,M096,B105,4609.9,SUCCESS,UPI,2026-05-08 19:11:59
TXN00028,U089,M039,B104,4716.25,SUCCESS,UPI,2026-05-09 01:03:53
TXN00029,U057,M011,B105,247.31,SUCCESS,UPI,2026-05-09 01:58:42
TXN00030,U078,M033,B101,502.07,PENDING,UPI,2026-05-08 19:44:07
TXN00031,U076,M003,B103,2902.42,SUCCESS,UPI,2026-05-09 04:56:32
TXN00032,U061,M067,B104,4584.56,SUCCESS,UPI,2026-05-08 14:22:42
TXN00033,U056,M082,B104,4846.82,SUCCESS,UPI,2026-05-09 05:18:40
TXN00034,U043,M042,B101,4295.78,SUCCESS,UPI,2026-05-08 22:52:03
TXN00035,U037,M085,B104,4077.15,SUCCESS,UPI,2026-05-09 02:02:22
TXN00036,U012,M041,B103,1650.21,PENDING,UPI,2026-05-09 00:33:34
TXN00037,U066,M001,B105,2336.78,SUCCESS,UPI,2026-05-08 22:42:56
TXN00038,U047,M080,B104,3145.77,SUCCESS,UPI,2026-05-09 02:52:32
TXN00039,U035,M071,B102,4641.98,SUCCESS,UPI,2026-05-08 15:24:40
TXN00040,U016,M004,B105,4006.6,SUCCESS,UPI,2026-05-09 01:38:52
TXN00041,U071,M002,B105,2069.55,SUCCESS,UPI,2026-05-08 19:18:50
TXN00042,U060,M016,B102,2516.96,SUCCESS,UPI,2026-05-08 12:07:51
TXN00043,U091,M035,B104,4181.88,PENDING,UPI,2026-05-09 02:31:38
TXN00044,U059,M071,B102,1948.75,FAILED,UPI,2026-05-08 16:52:26
TXN00045,U096,M018,B101,1417.42,SUCCESS,UPI,2026-05-09 02:30:16
TXN00046,U044,M065,B103,4111.72,SUCCESS,UPI,2026-05-08 23:06:27
TXN00047,U076,M075,B104,4333.04,SUCCESS,UPI,2026-05-08 18:52:12
TXN00048,U045,M043,B105,3826.22,SUCCESS,UPI,2026-05-09 01:38:03
TXN00049,U025,M090,B102,2880.4,SUCCESS,UPI,2026-05-08 19:42:56
TXN00050,U006,M041,B104,3540.88,FAILED,UPI,2026-05-08 22:57:21
TXN00051,U085,M084,B102,2501.88,SUCCESS,UPI,2026-05-08 22:03:24
TXN00052,U076,M043,B101,4377.24,SUCCESS,UPI,2026-05-09 02:17:16
TXN00053,U059,M002,B102,2079.39,SUCCESS,UPI,2026-05-09 03:08:57
TXN00054,U010,M061,B103,1725.88,SUCCESS,UPI,2026-05-08 13:37:12
TXN00055,U011,M043,B105,1931.05,SUCCESS,UPI,2026-05-09 07:39:35
TXN00056,U070,M005,B105,388.68,SUCCESS,UPI,2026-05-09 01:45:56
TXN00057,U030,M096,B101,2198.16,SUCCESS,UPI,2026-05-08 18:27:47
TXN00058,U091,M013,B104,873.51,SUCCESS,UPI,2026-05-09 07:04:26
TXN00059,U006,M042,B101,1502.17,SUCCESS,UPI,2026-05-08 09:03:14
TXN00060,U032,M068,B104,2851.34,SUCCESS,UPI,2026-05-08 13:18:00
TXN00061,U023,M011,B105,4360.66,SUCCESS,UPI,2026-05-08 14:11:20
TXN00062,U064,M075,B102,1199.33,SUCCESS,UPI,2026-05-08 16:46:06
TXN00063,U033,M086,B101,4499.6,SUCCESS,UPI,2026-05-09 00:43:56
TXN00064,U087,M070,B102,415.62,FAILED,UPI,2026-05-08 18:28:20
TXN00065,U039,M082,B104,3467.05,SUCCESS,UPI,2026-05-09 05:23:34
TXN00066,U026,M050,B104,577.93,SUCCESS,UPI,2026-05-08 18:59:59
TXN00067,U074,M038,B103,158.6,FAILED,UPI,2026-05-08 21:04:09
TXN00068,U036,M002,B105,4332.08,SUCCESS,UPI,2026-05-08 22:24:39
TXN00069,U078,M096,B104,4172.55,FAILED,UPI,2026-05-08 09:47:08
TXN00070,U078,M046,B102,3201.26,SUCCESS,UPI,2026-05-08 16:22:42
TXN00071,U088,M018,B101,4521.85,SUCCESS,UPI,2026-05-09 08:00:00
TXN00072,U057,M005,B105,1856.06,SUCCESS,UPI,2026-05-08 19:14:52
TXN00073,U042,M096,B104,919.42,SUCCESS,UPI,2026-05-08 18:44:40
TXN00074,U047,M068,B105,4571.76,FAILED,UPI,2026-05-09 03:38:21
TXN00075,U062,M038,B103,4030.95,SUCCESS,UPI,2026-05-08 17:21:21
TXN00076,U019,M097,B102,4307.7,SUCCESS,UPI,2026-05-08 10:44:29
TXN00077,U072,M047,B101,3963.88,SUCCESS,UPI,2026-05-08 22:28:09
TXN00078,U016,M059,B103,3380.5,SUCCESS,UPI,2026-05-09 03:32:09
TXN00079,U049,M082,B103,586.31,SUCCESS,UPI,2026-05-09 05:16:59
TXN00080,U080,M072,B103,4580.52,SUCCESS,UPI,2026-05-08 08:54:40
TXN00081,U082,M060,B103,3263.74,SUCCESS,UPI,2026-05-08 10:18:05
TXN00082,U005,M039,B104,624.8,SUCCESS,UPI,2026-05-08 09:39:03
TXN00083,U018,M050,B104,1886.51,FAILED,UPI,2026-05-09 03:34:17
TXN00084,U054,M076,B102,4432.8,SUCCESS,UPI,2026-05-09 03:40:04
TXN00085,U079,M053,B103,211.95,SUCCESS,UPI,2026-05-09 01:48:59
TXN00086,U057,M031,B103,541.81,SUCCESS,UPI,2026-05-09 00:08:35
TXN00087,U083,M046,B101,2020.79,SUCCESS,UPI,2026-05-09 03:49:24
TXN00088,U059,M012,B102,3226.44,SUCCESS,UPI,2026-05-08 12:26:51
TXN00089,U007,M043,B102,4944.66,SUCCESS,UPI,2026-05-08 08:46:39
TXN00090,U009,M098,B105,1075.43,SUCCESS,UPI,2026-05-08 15:28:16
TXN00091,U043,M100,B102,3953.79,SUCCESS,UPI,2026-05-08 16:28:59
TXN00092,U019,M017,B105,1290.74,SUCCESS,UPI,2026-05-08 18:05:42
TXN00093,U017,M002,B103,3960.42,SUCCESS,UPI,2026-05-08 08:56:19
TXN00094,U003,M023,B103,309.38,SUCCESS,UPI,2026-05-08 19:47:17
TXN00095,U015,M096,B101,2407.42,SUCCESS,UPI,2026-05-09 03:09:15
TXN00096,U076,M014,B104,2544.0,FAILED,UPI,2026-05-09 02:41:11
TXN00097,U094,M085,B105,1543.07,SUCCESS,UPI,2026-05-08 09:34:43
TXN00098,U008,M062,B104,2160.05,SUCCESS,UPI,2026-05-08 09:08:02
TXN00099,U010,M011,B103,3061.07,SUCCESS,UPI,2026-05-09 00:08:58
TXN00100,U080,M082,B105,2764.36,SUCCESS,UPI,2026-05-08 18:00:46
TXN00101,U068,M038,B104,2552.48,SUCCESS,UPI,2026-05-09 05:45:01
TXN00102,U084,M084,B105,3618.16,SUCCESS,UPI,2026-05-08 12:09:56
TXN00103,U030,M053,B103,4145.73,SUCCESS,UPI,2026-05-09 00:26:26
TXN00104,U041,M055,B103,3342.28,SUCCESS,UPI,2026-05-08 11:27:43
TXN00105,U088,M061,B101,501.56,SUCCESS,UPI,2026-05-08 13:33:26
TXN00106,U013,M096,B103,4068.26,SUCCESS,UPI,2026-05-08 23:43:26
TXN00107,U072,M072,B103,3366.57,SUCCESS,UPI,2026-05-09 05:21:09
TXN00108,U093,M007,B103,3022.03,SUCCESS,UPI,2026-05-08 23:23:55
TXN00109,U065,M028,B102,3300.84,SUCCESS,UPI,2026-05-09 05:02:28
TXN00110,U045,M072,B103,618.68,SUCCESS,UPI,2026-05-08 11:56:24
TXN00111,U055,M072,B105,3087.19,SUCCESS,UPI,2026-05-08 16:14:03
TXN00112,U078,M085,B103,193.32,SUCCESS,UPI,2026-05-08 08:57:21
TXN00113,U044,M045,B101,947.96,SUCCESS,UPI,2026-05-08 19:14:59
TXN00114,U052,M009,B102,3717.8,PENDING,UPI,2026-05-09 07:55:59
TXN00115,U096,M068,B102,1912.16,SUCCESS,UPI,2026-05-08 11:20:26
TXN00116,U048,M040,B103,3895.34,SUCCESS,UPI,2026-05-08 13:43:51
TXN00117,U007,M020,B102,3784.46,SUCCESS,UPI,2026-05-08 11:05:35
TXN00118,U035,M057,B104,2454.03,SUCCESS,UPI,2026-05-08 10:58:13
TXN00119,U028,M097,B105,613.4,SUCCESS,UPI,2026-05-08 17:56:44
TXN00120,U087,M087,B105,2458.83,SUCCESS,UPI,2026-05-08 18:18:45
TXN00121,U029,M051,B105,321.17,SUCCESS,UPI,2026-05-08 09:39:12
TXN00122,U099,M018,B103,1482.76,SUCCESS,UPI,2026-05-08 15:41:26
TXN00123,U096,M056,B102,689.47,SUCCESS,UPI,2026-05-09 02:06:33
TXN00124,U065,M072,B103,406.77,FAILED,UPI,2026-05-08 16:22:41
TXN00125,U056,M003,B104,4609.75,FAILED,UPI,2026-05-08 09:32:24
TXN00126,U055,M074,B104,3562.02,SUCCESS,UPI,2026-05-09 04:57:45
TXN00127,U052,M003,B103,900.77,FAILED,UPI,2026-05-08 12:11:36
TXN00128,U089,M047,B101,2211.72,SUCCESS,UPI,2026-05-09 00:45:05
TXN00129,U076,M052,B105,439.3,FAILED,UPI,2026-05-08 23:51:44
TXN00130,U029,M043,B102,428.08,SUCCESS,UPI,2026-05-08 20:21:40
TXN00131,U066,M025,B103,1787.94,PENDING,UPI,2026-05-09 03:19:07
TXN00132,U019,M031,B101,774.9,SUCCESS,UPI,2026-05-09 07:29:59
TXN00133,U020,M098,B101,926.87,SUCCESS,UPI,2026-05-09 05:55:57
TXN00134,U060,M097,B105,3811.39,SUCCESS,UPI,2026-05-09 01:59:24
TXN00135,U083,M082,B105,1649.88,PENDING,UPI,2026-05-09 04:33:09
TXN00136,U020,M057,B101,2371.16,SUCCESS,UPI,2026-05-08 19:30:36
TXN00137,U076,M008,B103,2561.32,SUCCESS,UPI,2026-05-08 18:00:02
TXN00138,U005,M008,B103,4166.9,SUCCESS,UPI,2026-05-09 00:27:13
TXN00139,U079,M077,B105,1953.19,SUCCESS,UPI,2026-05-08 11:17:15
TXN00140,U058,M074,B102,1641.56,SUCCESS,UPI,2026-05-08 09:29:36
TXN00141,U008,M058,B101,4064.29,FAILED,UPI,2026-05-08 13:29:33
TXN00142,U065,M083,B102,243.75,SUCCESS,UPI,2026-05-08 11:04:13
TXN00143,U068,M067,B105,835.79,SUCCESS,UPI,2026-05-08 23:59:55
TXN00144,U050,M053,B103,3410.54,SUCCESS,UPI,2026-05-08 18:17:59
TXN00145,U083,M043,B101,1681.97,SUCCESS,UPI,2026-05-09 06:58:11
TXN00146,U037,M033,B105,4372.73,SUCCESS,UPI,2026-05-08 22:04:27
TXN00147,U085,M019,B103,1585.65,SUCCESS,UPI,2026-05-09 05:13:00
TXN00148,U017,M077,B101,1582.43,SUCCESS,UPI,2026-05-08 22:16:14
TXN00149,U017,M086,B105,512.59,SUCCESS,UPI,2026-05-08 19:57:34
TXN00150,U047,M003,B103,1578.89,PENDING,UPI,2026-05-09 02:30:48
TXN00151,U099,M063,B102,1171.39,SUCCESS,UPI,2026-05-08 20:26:31
TXN00152,U038,M013,B105,3865.83,FAILED,UPI,2026-05-08 10:48:34
TXN00153,U005,M085,B103,4388.14,SUCCESS,UPI,2026-05-09 03:10:13
TXN00154,U049,M020,B102,945.19,SUCCESS,UPI,2026-05-09 05:44:42
TXN00155,U022,M093,B104,266.28,SUCCESS,UPI,2026-05-09 06:44:45
TXN00156,U057,M079,B103,3774.34,SUCCESS,UPI,2026-05-08 16:38:53
TXN00157,U069,M031,B103,4829.7,SUCCESS,UPI,2026-05-08 16:31:11
TXN00158,U048,M087,B105,4922.98,SUCCESS,UPI,2026-05-08 15:03:50
TXN00159,U100,M049,B105,2660.93,PENDING,UPI,2026-05-08 18:15:32
TXN00160,U078,M018,B103,308.29,SUCCESS,UPI,2026-05-08 15:16:14
TXN00161,U071,M014,B105,4263.27,SUCCESS,UPI,2026-05-08 21:30:55
TXN00162,U035,M058,B105,779.38,SUCCESS,UPI,2026-05-08 13:50:12
TXN00163,U058,M045,B101,2103.74,SUCCESS,UPI,2026-05-08 16:05:02
TXN00164,U031,M050,B101,1905.82,SUCCESS,UPI,2026-05-08 21:36:55
TXN00165,U092,M084,B103,3967.33,SUCCESS,UPI,2026-05-08 11:36:27
TXN00166,U061,M090,B102,3806.26,SUCCESS,UPI,2026-05-08 18:26:41
TXN00167,U001,M011,B101,1316.82,FAILED,UPI,2026-05-09 06:24:14
TXN00168,U094,M078,B105,2145.11,SUCCESS,UPI,2026-05-09 03:58:52
TXN00169,U039,M016,B101,1230.28,SUCCESS,UPI,2026-05-08 16:39:07
TXN00170,U059,M009,B101,4191.6,SUCCESS,UPI,2026-05-09 06:40:33
TXN00171,U003,M081,B105,2896.48,SUCCESS,UPI,2026-05-09 03:31:01
TXN00172,U055,M001,B105,1796.44,SUCCESS,UPI,2026-05-08 18:36:17
TXN00173,U086,M086,B101,2641.25,SUCCESS,UPI,2026-05-08 14:49:11
TXN00174,U070,M065,B105,2793.05,SUCCESS,UPI,2026-05-09 03:09:11
TXN00175,U006,M082,B104,4906.15,SUCCESS,UPI,2026-05-09 01:07:01
TXN00176,U046,M009,B103,1243.57,SUCCESS,UPI,2026-05-08 08:35:28
TXN00177,U099,M075,B103,710.38,SUCCESS,UPI,2026-05-08 11:46:27
TXN00178,U083,M023,B104,4905.05,SUCCESS,UPI,2026-05-08 20:19:34
TXN00179,U018,M009,B104,233.07,SUCCESS,UPI,2026-05-08 14:38:11
TXN00180,U006,M041,B103,2601.15,PENDING,UPI,2026-05-08 15:15:44
TXN00181,U061,M033,B101,3778.79,SUCCESS,UPI,2026-05-09 03:46:16
TXN00182,U100,M007,B103,1402.42,SUCCESS,UPI,2026-05-08 20:59:49
TXN00183,U052,M096,B104,4478.46,SUCCESS,UPI,2026-05-08 23:54:32
TXN00184,U064,M089,B104,1868.37,SUCCESS,UPI,2026-05-08 14:48:06
TXN00185,U011,M094,B104,440.69,SUCCESS,UPI,2026-05-08 17:42:39
TXN00186,U070,M038,B103,557.86,SUCCESS,UPI,2026-05-08 14:34:12
TXN00187,U040,M058,B105,3602.43,SUCCESS,UPI,2026-05-08 18:45:50
TXN00188,U045,M058,B101,3647.73,FAILED,UPI,2026-05-09 00:09:43
TXN00189,U056,M036,B101,421.45,SUCCESS,UPI,2026-05-09 06:23:09
TXN00190,U066,M096,B102,4766.31,SUCCESS,UPI,2026-05-08 21:13:39
TXN00191,U087,M057,B101,674.84,SUCCESS,UPI,2026-05-09 06:07:15
TXN00192,U047,M047,B104,4749.86,SUCCESS,UPI,2026-05-09 07:29:22
TXN00193,U087,M058,B103,1891.47,SUCCESS,UPI,2026-05-08 13:35:11
TXN00194,U018,M068,B103,2020.27,SUCCESS,UPI,2026-05-09 04:53:45
TXN00195,U015,M004,B102,2520.27,SUCCESS,UPI,2026-05-08 17:05:17
TXN00196,U016,M034,B103,3534.99,SUCCESS,UPI,2026-05-09 04:26:59
TXN00197,U037,M089,B104,1040.88,SUCCESS,UPI,2026-05-09 06:16:39
TXN00198,U058,M023,B104,4986.45,FAILED,UPI,2026-05-08 10:41:46
TXN00199,U086,M045,B101,2772.49,SUCCESS,UPI,2026-05-08 19:38:09
TXN00200,U021,M092,B102,3978.8,SUCCESS,UPI,2026-05-08 18:55:15
TXN00201,U026,M018,B102,3962.35,SUCCESS,UPI,2026-05-08 12:25:07
TXN00202,U074,M048,B104,4028.13,SUCCESS,UPI,2026-05-09 04:10:16
TXN00203,U012,M009,B103,2020.89,SUCCESS,UPI,2026-05-09 06:16:49
TXN00204,U068,M053,B104,4125.53,SUCCESS,UPI,2026-05-09 01:25:39
TXN00205,U083,M010,B104,2355.87,SUCCESS,UPI,2026-05-08 19:32:33
TXN00206,U100,M071,B105,950.72,PENDING,UPI,2026-05-08 12:40:21
TXN00207,U065,M008,B101,2614.61,SUCCESS,UPI,2026-05-08 23:45:04
TXN00208,U042,M091,B102,1762.81,FAILED,UPI,2026-05-08 13:53:49
TXN00209,U011,M033,B102,3193.53,SUCCESS,UPI,2026-05-08 18:20:30
TXN00210,U081,M039,B105,2690.72,SUCCESS,UPI,2026-05-08 12:33:26
TXN00211,U076,M075,B102,897.44,SUCCESS,UPI,2026-05-08 14:08:23
TXN00212,U044,M073,B101,4134.92,SUCCESS,UPI,2026-05-09 06:01:56
TXN00213,U083,M099,B105,1360.05,SUCCESS,UPI,2026-05-08 09:39:18
TXN00214,U054,M080,B101,2515.29,SUCCESS,UPI,2026-05-09 04:49:51
TXN00215,U083,M039,B104,1262.15,FAILED,UPI,2026-05-08 18:32:47
TXN00216,U039,M059,B101,3458.64,SUCCESS,UPI,2026-05-08 22:47:07
TXN00217,U062,M060,B102,1733.95,SUCCESS,UPI,2026-05-08 23:07:56
TXN00218,U094,M045,B104,697.29,SUCCESS,UPI,2026-05-08 19:37:33
TXN00219,U014,M041,B102,2359.04,SUCCESS,UPI,2026-05-09 04:26:56
TXN00220,U019,M013,B101,1486.55,SUCCESS,UPI,2026-05-08 17:01:35
TXN00221,U054,M032,B102,4076.72,FAILED,UPI,2026-05-09 06:24:18
TXN00222,U025,M098,B102,2516.41,SUCCESS,UPI,2026-05-08 19:23:08
TXN00223,U040,M064,B101,495.74,SUCCESS,UPI,2026-05-09 02:09:33
TXN00224,U031,M028,B105,1796.83,SUCCESS,UPI,2026-05-09 00:38:50
TXN00225,U077,M084,B104,1464.45,SUCCESS,UPI,2026-05-09 02:01:06
TXN00226,U056,M018,B103,3651.16,SUCCESS,UPI,2026-05-08 11:54:49
TXN00227,U006,M052,B101,2872.89,SUCCESS,UPI,2026-05-08 21:19:24
TXN00228,U037,M010,B104,2546.06,SUCCESS,UPI,2026-05-09 04:08:32
TXN00229,U080,M088,B105,638.11,PENDING,UPI,2026-05-08 18:11:03
TXN00230,U048,M044,B105,4697.8,SUCCESS,UPI,2026-05-08 22:20:29
TXN00231,U078,M066,B104,2525.39,SUCCESS,UPI,2026-05-08 15:14:50
TXN00232,U092,M043,B104,2620.7,SUCCESS,UPI,2026-05-08 12:59:21
TXN00233,U018,M042,B105,1626.72,SUCCESS,UPI,2026-05-09 02:46:08
TXN00234,U095,M039,B105,1715.05,FAILED,UPI,2026-05-09 06:26:45
TXN00235,U063,M091,B105,1533.96,FAILED,UPI,2026-05-09 03:22:54
TXN00236,U043,M087,B101,4900.5,SUCCESS,UPI,2026-05-08 21:24:41
TXN00237,U004,M077,B104,1364.38,SUCCESS,UPI,2026-05-09 06:54:38
TXN00238,U074,M030,B101,2938.44,SUCCESS,UPI,2026-05-09 05:03:41
TXN00239,U093,M080,B104,781.49,SUCCESS,UPI,2026-05-09 06:54:07
TXN00240,U074,M090,B101,994.38,SUCCESS,UPI,2026-05-08 09:08:58
TXN00241,U020,M053,B102,2081.37,SUCCESS,UPI,2026-05-08 23:14:50
TXN00242,U095,M094,B101,3543.59,SUCCESS,UPI,2026-05-09 01:10:14
TXN00243,U042,M085,B104,2651.11,SUCCESS,UPI,2026-05-09 04:25:16
TXN00244,U059,M069,B103,2754.05,SUCCESS,UPI,2026-05-08 14:18:19
TXN00245,U089,M034,B105,2446.69,PENDING,UPI,2026-05-09 07:25:19
TXN00246,U072,M039,B102,4710.35,PENDING,UPI,2026-05-08 18:09:29
TXN00247,U091,M027,B104,1619.35,SUCCESS,UPI,2026-05-08 18:31:20
TXN00248,U037,M016,B105,3399.28,SUCCESS,UPI,2026-05-08 17:57:22
TXN00249,U045,M099,B102,1487.74,SUCCESS,UPI,2026-05-08 22:21:52
TXN00250,U045,M057,B103,3749.33,SUCCESS,UPI,2026-05-08 10:52:38
TXN00251,U035,M072,B103,729.5,SUCCESS,UPI,2026-05-09 03:36:32
TXN00252,U031,M032,B101,3365.68,SUCCESS,UPI,2026-05-09 05:21:57
TXN00253,U030,M007,B101,2095.84,SUCCESS,UPI,2026-05-09 07:13:36
TXN00254,U088,M099,B102,75.65,SUCCESS,UPI,2026-05-08 11:39:38
TXN00255,U053,M084,B104,2413.37,SUCCESS,UPI,2026-05-08 13:45:01
TXN00256,U042,M037,B101,4544.29,SUCCESS,UPI,2026-05-08 18:27:29
TXN00257,U030,M069,B101,4570.49,SUCCESS,UPI,2026-05-09 04:54:12
TXN00258,U005,M051,B104,972.24,SUCCESS,UPI,2026-05-08 14:24:00
TXN00259,U005,M002,B103,2861.41,SUCCESS,UPI,2026-05-08 18:32:21
TXN00260,U037,M059,B105,2645.38,FAILED,UPI,2026-05-08 20:11:54
TXN00261,U065,M060,B103,1004.42,SUCCESS,UPI,2026-05-08 12:53:09
TXN00262,U094,M059,B103,3607.06,SUCCESS,UPI,2026-05-08 13:54:58
TXN00263,U038,M073,B102,918.7,FAILED,UPI,2026-05-08 20:16:25
TXN00264,U055,M066,B103,479.35,SUCCESS,UPI,2026-05-08 22:45:48
TXN00265,U018,M062,B103,4682.34,SUCCESS,UPI,2026-05-08 14:43:39
TXN00266,U031,M058,B103,4772.47,SUCCESS,UPI,2026-05-08 21:57:55
TXN00267,U002,M034,B103,3479.2,SUCCESS,UPI,2026-05-09 04:51:28
TXN00268,U060,M040,B102,2056.81,SUCCESS,UPI,2026-05-08 12:18:15
TXN00269,U089,M016,B103,1869.34,SUCCESS,UPI,2026-05-08 19:19:20
TXN00270,U062,M020,B104,3751.29,SUCCESS,UPI,2026-05-08 12:51:47
TXN00271,U090,M071,B104,3798.89,FAILED,UPI,2026-05-08 23:08:25
TXN00272,U098,M032,B105,4372.02,SUCCESS,UPI,2026-05-08 15:57:07
TXN00273,U068,M091,B103,436.61,SUCCESS,UPI,2026-05-09 00:15:56
TXN00274,U071,M065,B102,2884.87,SUCCESS,UPI,2026-05-08 10:14:54
TXN00275,U067,M057,B101,3417.46,SUCCESS,UPI,2026-05-08 19:56:47
TXN00276,U012,M066,B104,4053.03,SUCCESS,UPI,2026-05-09 01:47:51
TXN00277,U054,M059,B105,335.8,SUCCESS,UPI,2026-05-09 02:41:12
TXN00278,U093,M003,B104,1309.56,SUCCESS,UPI,2026-05-08 19:13:12
TXN00279,U075,M010,B101,2147.3,SUCCESS,UPI,2026-05-08 15:56:00
TXN00280,U008,M009,B104,207.09,SUCCESS,UPI,2026-05-09 03:42:11
TXN00281,U099,M083,B104,1903.58,FAILED,UPI,2026-05-08 12:55:50
TXN00282,U049,M049,B101,3429.52,SUCCESS,UPI,2026-05-09 00:19:50
TXN00283,U018,M084,B103,637.23,PENDING,UPI,2026-05-09 03:38:07
TXN00284,U068,M017,B102,4182.37,SUCCESS,UPI,2026-05-08 22:18:38
TXN00285,U060,M087,B105,2149.43,SUCCESS,UPI,2026-05-08 18:51:47
TXN00286,U032,M059,B103,817.85,SUCCESS,UPI,2026-05-08 16:21:42
TXN00287,U005,M085,B104,3093.87,FAILED,UPI,2026-05-08 12:06:30
TXN00288,U031,M027,B101,549.44,SUCCESS,UPI,2026-05-08 08:34:10
TXN00289,U087,M091,B101,1261.43,SUCCESS,UPI,2026-05-09 05:45:52
TXN00290,U030,M070,B102,3784.21,SUCCESS,UPI,2026-05-08 23:58:55
TXN00291,U065,M038,B102,4088.14,SUCCESS,UPI,2026-05-08 13:06:07
TXN00292,U074,M077,B103,1222.67,FAILED,UPI,2026-05-08 19:36:39
TXN00293,U029,M053,B103,1412.01,SUCCESS,UPI,2026-05-09 02:58:41
TXN00294,U095,M023,B104,2801.46,SUCCESS,UPI,2026-05-09 05:32:30
TXN00295,U083,M086,B104,3939.73,SUCCESS,UPI,2026-05-08 20:32:23
TXN00296,U053,M020,B103,1913.48,SUCCESS,UPI,2026-05-08 23:09:28
TXN00297,U031,M029,B103,4294.83,SUCCESS,UPI,2026-05-09 01:14:25
TXN00298,U008,M072,B104,4840.54,SUCCESS,UPI,2026-05-09 00:51:29
TXN00299,U050,M032,B103,1056.52,SUCCESS,UPI,2026-05-08 12:52:55
TXN00300,U048,M012,B105,3636.69,SUCCESS,UPI,2026-05-09 00:22:34
TXN00301,U049,M087,B105,3034.46,FAILED,UPI,2026-05-08 17:46:27
TXN00302,U098,M076,B105,1124.23,SUCCESS,UPI,2026-05-08 14:51:02
TXN00303,U039,M002,B102,4688.94,PENDING,UPI,2026-05-08 20:07:22
TXN00304,U096,M097,B104,4576.48,SUCCESS,UPI,2026-05-08 12:16:16
TXN00305,U051,M031,B105,1641.99,SUCCESS,UPI,2026-05-08 15:26:45
TXN00306,U069,M084,B103,1576.69,SUCCESS,UPI,2026-05-09 00:58:32
TXN00307,U060,M013,B104,3820.06,SUCCESS,UPI,2026-05-09 02:06:19
TXN00308,U048,M041,B104,276.29,FAILED,UPI,2026-05-08 15:23:44
TXN00309,U003,M034,B105,4677.05,SUCCESS,UPI,2026-05-08 13:18:46
TXN00310,U038,M020,B102,1682.83,SUCCESS,UPI,2026-05-08 23:12:12
TXN00311,U064,M071,B103,1323.77,FAILED,UPI,2026-05-08 16:56:48
TXN00312,U095,M063,B104,882.76,SUCCESS,UPI,2026-05-09 07:21:48
TXN00313,U018,M093,B105,2467.17,FAILED,UPI,2026-05-08 14:09:45
TXN00314,U083,M008,B105,217.43,FAILED,UPI,2026-05-09 03:44:18
TXN00315,U098,M001,B104,730.58,SUCCESS,UPI,2026-05-08 09:45:58
TXN00316,U091,M020,B101,1132.66,SUCCESS,UPI,2026-05-08 10:28:28
TXN00317,U080,M082,B105,4568.12,SUCCESS,UPI,2026-05-08 10:12:03
TXN00318,U001,M069,B105,2086.13,SUCCESS,UPI,2026-05-08 08:34:21
TXN00319,U069,M037,B101,2535.97,SUCCESS,UPI,2026-05-08 18:00:10
TXN00320,U023,M014,B101,2645.71,SUCCESS,UPI,2026-05-08 23:40:36
TXN00321,U068,M033,B103,1373.26,SUCCESS,UPI,2026-05-09 06:33:55
TXN00322,U052,M059,B105,1253.88,SUCCESS,UPI,2026-05-08 21:34:56
TXN00323,U088,M011,B101,512.83,SUCCESS,UPI,2026-05-08 18:55:18
TXN00324,U061,M008,B101,3529.08,SUCCESS,UPI,2026-05-09 04:07:23
TXN00325,U083,M043,B105,4887.78,PENDING,UPI,2026-05-08 23:47:53
TXN00326,U006,M030,B102,4511.3,SUCCESS,UPI,2026-05-09 03:13:46
TXN00327,U061,M035,B101,4624.59,SUCCESS,UPI,2026-05-09 04:38:09
TXN00328,U070,M073,B101,937.8,FAILED,UPI,2026-05-08 18:12:29
TXN00329,U027,M076,B102,3773.66,SUCCESS,UPI,2026-05-08 08:34:12
TXN00330,U010,M039,B102,2841.59,SUCCESS,UPI,2026-05-08 22:30:05
TXN00331,U087,M070,B103,1950.04,SUCCESS,UPI,2026-05-08 22:10:07
TXN00332,U065,M096,B103,315.8,SUCCESS,UPI,2026-05-08 10:51:19
TXN00333,U044,M078,B105,4776.55,SUCCESS,UPI,2026-05-08 10:46:03
TXN00334,U004,M082,B103,3928.56,SUCCESS,UPI,2026-05-08 19:52:58
TXN00335,U046,M071,B104,2187.65,SUCCESS,UPI,2026-05-08 16:18:22
TXN00336,U011,M099,B105,1512.13,SUCCESS,UPI,2026-05-08 21:50:16
TXN00337,U011,M035,B102,1931.0,SUCCESS,UPI,2026-05-08 10:40:34
TXN00338,U095,M050,B103,1835.47,SUCCESS,UPI,2026-05-08 13:37:01
TXN00339,U057,M047,B103,556.05,SUCCESS,UPI,2026-05-08 19:13:25
TXN00340,U058,M072,B105,2586.58,SUCCESS,UPI,2026-05-08 23:41:29
TXN00341,U046,M071,B101,3004.78,SUCCESS,UPI,2026-05-08 11:15:46
TXN00342,U002,M038,B104,1969.61,SUCCESS,UPI,2026-05-08 22:01:33
TXN00343,U032,M074,B105,889.44,SUCCESS,UPI,2026-05-09 04:22:19
TXN00344,U035,M039,B103,2490.96,SUCCESS,UPI,2026-05-08 13:03:18
TXN00345,U036,M054,B103,2446.95,SUCCESS,UPI,2026-05-08 23:49:33
TXN00346,U032,M093,B104,2989.34,SUCCESS,UPI,2026-05-08 17:09:50
TXN00347,U018,M039,B101,4746.68,SUCCESS,UPI,2026-05-08 11:53:41
TXN00348,U049,M043,B104,1706.94,FAILED,UPI,2026-05-09 06:34:49
TXN00349,U077,M018,B103,1637.29,FAILED,UPI,2026-05-09 07:42:12
TXN00350,U062,M041,B102,4824.64,PENDING,UPI,2026-05-08 15:18:46
TXN00351,U095,M089,B104,4840.43,SUCCESS,UPI,2026-05-08 18:36:40
TXN00352,U049,M036,B104,1856.83,FAILED,UPI,2026-05-08 19:51:54
TXN00353,U076,M070,B102,3424.48,SUCCESS,UPI,2026-05-08 15:16:28
TXN00354,U091,M027,B104,3998.54,FAILED,UPI,2026-05-09 00:48:25
TXN00355,U053,M087,B104,738.94,SUCCESS,UPI,2026-05-08 10:31:04
TXN00356,U085,M020,B104,3955.93,SUCCESS,UPI,2026-05-08 17:11:59
TXN00357,U062,M075,B104,2695.12,FAILED,UPI,2026-05-09 05:46:12
TXN00358,U070,M005,B103,3523.09,FAILED,UPI,2026-05-08 23:13:47
TXN00359,U082,M011,B101,3856.32,SUCCESS,UPI,2026-05-09 05:37:13
TXN00360,U022,M083,B105,269.27,PENDING,UPI,2026-05-08 20:55:31
TXN00361,U052,M097,B103,4830.3,SUCCESS,UPI,2026-05-09 07:32:49
TXN00362,U013,M034,B102,2577.85,SUCCESS,UPI,2026-05-08 08:23:02
TXN00363,U089,M074,B102,2256.6,SUCCESS,UPI,2026-05-09 05:08:09
TXN00364,U089,M065,B102,1757.59,SUCCESS,UPI,2026-05-09 05:25:47
TXN00365,U038,M054,B101,624.54,FAILED,UPI,2026-05-08 11:48:23
TXN00366,U045,M040,B103,2303.9,SUCCESS,UPI,2026-05-08 13:09:29
TXN00367,U045,M061,B101,2218.92,SUCCESS,UPI,2026-05-09 01:34:58
TXN00368,U009,M039,B101,4060.42,SUCCESS,UPI,2026-05-08 19:36:40
TXN00369,U083,M014,B102,4653.12,SUCCESS,UPI,2026-05-08 20:29:27
TXN00370,U023,M071,B102,1688.4,SUCCESS,UPI,2026-05-09 02:47:12
TXN00371,U030,M052,B102,972.62,SUCCESS,UPI,2026-05-09 00:49:22
TXN00372,U004,M095,B105,4421.33,SUCCESS,UPI,2026-05-08 22:24:09
TXN00373,U050,M001,B102,1068.63,SUCCESS,UPI,2026-05-08 23:38:22
TXN00374,U074,M014,B105,975.45,SUCCESS,UPI,2026-05-08 10:16:40
TXN00375,U015,M034,B104,2662.19,SUCCESS,UPI,2026-05-09 00:39:32
TXN00376,U050,M079,B104,2955.67,SUCCESS,UPI,2026-05-09 05:44:06
TXN00377,U080,M023,B103,4597.48,SUCCESS,UPI,2026-05-09 00:40:12
TXN00378,U041,M016,B102,1561.63,SUCCESS,UPI,2026-05-08 12:52:36
TXN00379,U066,M050,B104,3002.31,SUCCESS,UPI,2026-05-08 13:08:48
TXN00380,U024,M063,B105,3482.49,SUCCESS,UPI,2026-05-08 23:24:08
TXN00381,U072,M022,B104,1479.73,SUCCESS,UPI,2026-05-08 14:18:26
TXN00382,U080,M007,B103,4761.62,SUCCESS,UPI,2026-05-09 00:25:13
TXN00383,U050,M072,B105,3282.7,SUCCESS,UPI,2026-05-08 15:06:15
TXN00384,U054,M091,B104,2469.06,SUCCESS,UPI,2026-05-09 01:54:11
TXN00385,U098,M029,B103,211.84,SUCCESS,UPI,2026-05-08 09:07:24
TXN00386,U022,M100,B104,2849.97,SUCCESS,UPI,2026-05-08 18:30:36
TXN00387,U071,M066,B101,2884.93,SUCCESS,UPI,2026-05-09 02:02:01
TXN00388,U047,M070,B101,3812.02,SUCCESS,UPI,2026-05-09 03:46:26
TXN00389,U055,M014,B102,1523.66,PENDING,UPI,2026-05-08 15:57:24
TXN00390,U034,M045,B101,2223.4,PENDING,UPI,2026-05-09 00:22:27
TXN00391,U027,M095,B105,3461.21,FAILED,UPI,2026-05-08 16:37:36
TXN00392,U081,M055,B102,3099.95,SUCCESS,UPI,2026-05-09 06:13:08
TXN00393,U008,M073,B103,2684.79,SUCCESS,UPI,2026-05-08 15:32:04
TXN00394,U042,M091,B103,1482.2,SUCCESS,UPI,2026-05-08 14:07:49
TXN00395,U087,M013,B102,4815.72,SUCCESS,UPI,2026-05-09 02:43:45
TXN00396,U036,M084,B102,3522.06,SUCCESS,UPI,2026-05-08 10:09:30
TXN00397,U092,M042,B102,3819.29,SUCCESS,UPI,2026-05-08 13:19:28
TXN00398,U019,M074,B103,3157.67,SUCCESS,UPI,2026-05-09 01:49:14
TXN00399,U082,M099,B101,2044.11,SUCCESS,UPI,2026-05-08 10:44:58
TXN00400,U059,M063,B103,2930.68,FAILED,UPI,2026-05-08 21:26:14
TXN00401,U094,M059,B103,4258.03,SUCCESS,UPI,2026-05-08 11:23:28
TXN00402,U028,M055,B102,2498.84,SUCCESS,UPI,2026-05-08 22:28:49
TXN00403,U044,M071,B105,696.44,FAILED,UPI,2026-05-08 18:19:31
TXN00404,U088,M098,B101,277.42,SUCCESS,UPI,2026-05-08 20:30:54
TXN00405,U003,M016,B102,2234.37,SUCCESS,UPI,2026-05-09 00:43:58
TXN00406,U026,M089,B102,4416.63,SUCCESS,UPI,2026-05-08 23:34:32
TXN00407,U012,M084,B103,1289.43,SUCCESS,UPI,2026-05-08 17:58:36
TXN00408,U022,M007,B104,3146.74,SUCCESS,UPI,2026-05-09 07:37:34
TXN00409,U055,M084,B101,3533.31,SUCCESS,UPI,2026-05-08 16:31:29
TXN00410,U010,M017,B105,1169.64,SUCCESS,UPI,2026-05-09 01:21:36
TXN00411,U002,M090,B103,4094.69,PENDING,UPI,2026-05-08 08:20:17
TXN00412,U089,M017,B104,400.6,SUCCESS,UPI,2026-05-08 23:22:33
TXN00413,U014,M041,B103,4410.9,SUCCESS,UPI,2026-05-08 11:43:45
TXN00414,U083,M087,B102,388.64,SUCCESS,UPI,2026-05-08 12:50:51
TXN00415,U084,M022,B104,1788.38,SUCCESS,UPI,2026-05-09 06:13:15
TXN00416,U053,M079,B104,4306.81,SUCCESS,UPI,2026-05-08 13:30:40
TXN00417,U018,M097,B101,2968.39,SUCCESS,UPI,2026-05-08 11:39:28
TXN00418,U041,M018,B102,1420.99,SUCCESS,UPI,2026-05-08 23:38:00
TXN00419,U077,M077,B105,1460.36,FAILED,UPI,2026-05-09 04:08:54
TXN00420,U085,M039,B102,2612.86,SUCCESS,UPI,2026-05-08 08:58:35
TXN00421,U038,M083,B101,3929.82,SUCCESS,UPI,2026-05-08 22:15:47
TXN00422,U064,M050,B101,1243.35,SUCCESS,UPI,2026-05-08 16:42:50
TXN00423,U068,M002,B103,4672.93,SUCCESS,UPI,2026-05-08 10:35:07
TXN00424,U054,M047,B105,3430.56,SUCCESS,UPI,2026-05-09 04:41:38
TXN00425,U003,M076,B101,118.28,SUCCESS,UPI,2026-05-08 10:39:27
TXN00426,U051,M065,B103,3161.42,SUCCESS,UPI,2026-05-08 10:12:05
TXN00427,U055,M090,B104,458.02,SUCCESS,UPI,2026-05-08 23:07:31
TXN00428,U020,M036,B101,1584.04,SUCCESS,UPI,2026-05-09 06:25:46
TXN00429,U020,M069,B103,1984.12,SUCCESS,UPI,2026-05-08 15:23:53
TXN00430,U088,M083,B101,1585.34,SUCCESS,UPI,2026-05-09 07:39:35
TXN00431,U008,M032,B101,4626.91,SUCCESS,UPI,2026-05-08 16:41:18
TXN00432,U078,M008,B103,3347.09,SUCCESS,UPI,2026-05-09 06:17:34
TXN00433,U016,M002,B102,3522.42,SUCCESS,UPI,2026-05-08 14:23:42
TXN00434,U067,M067,B103,876.47,SUCCESS,UPI,2026-05-08 20:37:23
TXN00435,U094,M016,B101,1708.3,SUCCESS,UPI,2026-05-08 17:47:07
TXN00436,U009,M034,B105,3156.29,SUCCESS,UPI,2026-05-09 03:04:22
TXN00437,U047,M008,B104,4303.83,SUCCESS,UPI,2026-05-09 02:35:49
TXN00438,U033,M099,B101,4476.63,SUCCESS,UPI,2026-05-08 13:43:38
TXN00439,U030,M095,B105,62.71,FAILED,UPI,2026-05-08 12:11:57
TXN00440,U032,M006,B104,1851.68,FAILED,UPI,2026-05-08 08:26:50
TXN00441,U005,M071,B104,1161.35,SUCCESS,UPI,2026-05-08 14:30:56
TXN00442,U035,M010,B105,1895.4,SUCCESS,UPI,2026-05-08 19:38:54
TXN00443,U023,M029,B105,4908.0,PENDING,UPI,2026-05-08 09:55:03
TXN00444,U060,M037,B103,1670.14,SUCCESS,UPI,2026-05-08 10:30:34
TXN00445,U048,M026,B103,2840.84,SUCCESS,UPI,2026-05-08 08:17:24
TXN00446,U032,M060,B103,2978.87,SUCCESS,UPI,2026-05-09 06:40:20
TXN00447,U094,M070,B102,795.3,FAILED,UPI,2026-05-08 15:06:54
TXN00448,U030,M070,B103,3197.91,SUCCESS,UPI,2026-05-08 08:52:13
TXN00449,U043,M001,B104,4252.58,SUCCESS,UPI,2026-05-08 08:20:57
TXN00450,U027,M068,B102,2128.09,PENDING,UPI,2026-05-08 11:47:04
TXN00451,U092,M036,B101,267.31,SUCCESS,UPI,2026-05-08 13:11:01
TXN00452,U053,M090,B103,2319.37,SUCCESS,UPI,2026-05-09 02:55:25
TXN00453,U013,M065,B102,3204.22,SUCCESS,UPI,2026-05-09 05:08:42
TXN00454,U073,M008,B104,3329.1,SUCCESS,UPI,2026-05-09 05:33:00
TXN00455,U034,M041,B104,3518.59,SUCCESS,UPI,2026-05-08 18:37:10
TXN00456,U058,M035,B102,419.7,SUCCESS,UPI,2026-05-08 19:34:48
TXN00457,U014,M020,B101,863.66,SUCCESS,UPI,2026-05-09 05:17:18
TXN00458,U016,M069,B103,4824.94,SUCCESS,UPI,2026-05-08 22:48:02
TXN00459,U060,M034,B101,497.58,FAILED,UPI,2026-05-08 19:13:30
TXN00460,U091,M090,B105,249.63,FAILED,UPI,2026-05-08 19:04:34
TXN00461,U019,M012,B102,4843.58,SUCCESS,UPI,2026-05-08 19:56:04
TXN00462,U087,M039,B103,4109.44,SUCCESS,UPI,2026-05-08 09:46:56
TXN00463,U058,M072,B105,1286.77,SUCCESS,UPI,2026-05-08 22:43:24
TXN00464,U016,M002,B101,4160.34,PENDING,UPI,2026-05-08 13:05:22
TXN00465,U026,M052,B103,3447.11,FAILED,UPI,2026-05-08 12:45:33
TXN00466,U075,M076,B103,4591.27,SUCCESS,UPI,2026-05-08 11:03:35
TXN00467,U026,M083,B104,4056.03,SUCCESS,UPI,2026-05-08 10:20:50
TXN00468,U016,M006,B104,300.66,FAILED,UPI,2026-05-08 20:04:16
TXN00469,U093,M051,B104,195.94,SUCCESS,UPI,2026-05-08 23:46:14
TXN00470,U046,M028,B102,1411.16,SUCCESS,UPI,2026-05-08 14:17:30
TXN00471,U005,M079,B105,3104.04,SUCCESS,UPI,2026-05-08 13:24:41
TXN00472,U053,M071,B104,351.85,SUCCESS,UPI,2026-05-09 02:09:50
TXN00473,U054,M026,B105,1283.28,PENDING,UPI,2026-05-08 12:59:47
TXN00474,U003,M049,B103,2424.44,SUCCESS,UPI,2026-05-09 03:47:38
TXN00475,U073,M065,B103,1972.49,SUCCESS,UPI,2026-05-08 20:31:33
TXN00476,U077,M029,B101,4484.04,SUCCESS,UPI,2026-05-08 19:36:35
TXN00477,U061,M068,B103,3845.87,PENDING,UPI,2026-05-08 10:07:59
TXN00478,U013,M032,B102,1369.31,FAILED,UPI,2026-05-08 13:48:42
TXN00479,U098,M029,B105,4240.2,SUCCESS,UPI,2026-05-08 10:02:08
TXN00480,U023,M023,B102,2982.97,FAILED,UPI,2026-05-08 20:55:04
TXN00481,U076,M004,B103,4740.42,SUCCESS,UPI,2026-05-08 21:03:46
TXN00482,U025,M064,B105,1579.81,SUCCESS,UPI,2026-05-09 04:30:07
TXN00483,U008,M030,B105,1133.1,SUCCESS,UPI,2026-05-08 11:17:10
TXN00484,U043,M079,B102,4041.9,SUCCESS,UPI,2026-05-08 08:01:29
TXN00485,U042,M008,B101,781.17,SUCCESS,UPI,2026-05-08 14:27:40
TXN00486,U100,M015,B105,4310.31,PENDING,UPI,2026-05-08 13:09:26
TXN00487,U091,M085,B104,2950.78,SUCCESS,UPI,2026-05-08 21:36:07
TXN00488,U018,M021,B104,3969.62,PENDING,UPI,2026-05-08 19:44:44
TXN00489,U041,M023,B105,3483.12,FAILED,UPI,2026-05-09 07:38:09
TXN00490,U029,M086,B105,4081.55,SUCCESS,UPI,2026-05-08 20:59:29
TXN00491,U017,M023,B101,4746.5,FAILED,UPI,2026-05-08 18:43:22
TXN00492,U099,M073,B101,951.3,SUCCESS,UPI,2026-05-08 22:15:27
TXN00493,U029,M082,B105,565.35,SUCCESS,UPI,2026-05-09 06:15:34
TXN00494,U096,M010,B102,1766.71,SUCCESS,UPI,2026-05-08 20:03:26
TXN00495,U012,M091,B103,2260.82,SUCCESS,UPI,2026-05-09 07:09:46
TXN00496,U089,M009,B103,1320.46,SUCCESS,UPI,2026-05-08 17:05:07
TXN00497,U007,M050,B104,3676.29,PENDING,UPI,2026-05-08 08:02:47
TXN00498,U064,M049,B103,2752.82,SUCCESS,UPI,2026-05-08 23:04:26
TXN00499,U074,M084,B102,855.15,SUCCESS,UPI,2026-05-09 01:27:27
TXN00500,U038,M003,B103,1342.58,SUCCESS,UPI,2026-05-08 09:12:59
TXN00501,U022,M049,B102,3673.33,SUCCESS,UPI,2026-05-08 20:26:41
TXN00502,U044,M077,B105,4471.47,SUCCESS,UPI,2026-05-08 11:23:23
TXN00503,U084,M022,B105,4454.28,SUCCESS,UPI,2026-05-08 23:42:14
TXN00504,U043,M027,B102,2075.94,SUCCESS,UPI,2026-05-08 11:41:12
TXN00505,U034,M085,B103,1522.13,SUCCESS,UPI,2026-05-09 03:39:55
TXN00506,U074,M071,B104,810.27,SUCCESS,UPI,2026-05-08 22:18:18
TXN00507,U012,M038,B105,2427.63,SUCCESS,UPI,2026-05-08 23:34:07
TXN00508,U022,M082,B103,4886.44,SUCCESS,UPI,2026-05-08 15:32:05
TXN00509,U040,M051,B104,2471.03,SUCCESS,UPI,2026-05-08 12:12:19
TXN00510,U083,M070,B104,965.16,FAILED,UPI,2026-05-08 11:19:05
TXN00511,U024,M058,B101,1353.32,SUCCESS,UPI,2026-05-08 21:26:58
TXN00512,U035,M073,B101,798.1,SUCCESS,UPI,2026-05-08 16:14:14
TXN00513,U011,M086,B103,4050.49,SUCCESS,UPI,2026-05-08 11:31:15
TXN00514,U030,M071,B101,4211.95,FAILED,UPI,2026-05-09 05:28:16
TXN00515,U069,M088,B104,2884.94,SUCCESS,UPI,2026-05-08 23:14:30
TXN00516,U011,M051,B101,2535.4,FAILED,UPI,2026-05-08 18:52:51
TXN00517,U087,M080,B102,645.4,SUCCESS,UPI,2026-05-09 04:48:25
TXN00518,U022,M028,B102,674.62,SUCCESS,UPI,2026-05-08 14:17:39
TXN00519,U026,M081,B102,4178.84,SUCCESS,UPI,2026-05-08 23:51:07
TXN00520,U012,M050,B105,2016.91,SUCCESS,UPI,2026-05-08 10:26:23
TXN00521,U067,M059,B101,3943.43,SUCCESS,UPI,2026-05-08 18:03:22
TXN00522,U054,M015,B104,790.73,SUCCESS,UPI,2026-05-09 03:01:33
TXN00523,U098,M013,B101,2835.28,SUCCESS,UPI,2026-05-09 05:12:52
TXN00524,U069,M045,B104,1357.48,SUCCESS,UPI,2026-05-08 18:24:58
TXN00525,U078,M061,B101,902.39,SUCCESS,UPI,2026-05-09 04:49:36
TXN00526,U078,M088,B104,241.97,FAILED,UPI,2026-05-09 06:30:34
TXN00527,U089,M031,B101,3741.46,FAILED,UPI,2026-05-08 20:04:09
TXN00528,U003,M044,B103,1589.2,FAILED,UPI,2026-05-08 21:33:36
TXN00529,U030,M018,B103,4872.39,SUCCESS,UPI,2026-05-08 11:34:33
TXN00530,U035,M094,B104,3044.65,SUCCESS,UPI,2026-05-08 19:40:56
TXN00531,U028,M053,B104,3809.49,FAILED,UPI,2026-05-09 00:04:56
TXN00532,U066,M021,B101,1590.06,SUCCESS,UPI,2026-05-08 10:02:47
TXN00533,U100,M068,B105,193.29,SUCCESS,UPI,2026-05-08 12:56:19
TXN00534,U008,M032,B101,2309.42,FAILED,UPI,2026-05-08 15:18:29
TXN00535,U036,M048,B104,2550.38,SUCCESS,UPI,2026-05-08 15:14:57
TXN00536,U088,M004,B102,1893.71,SUCCESS,UPI,2026-05-08 12:30:36
TXN00537,U061,M076,B105,1781.31,SUCCESS,UPI,2026-05-08 14:27:56
TXN00538,U096,M089,B101,1461.09,SUCCESS,UPI,2026-05-08 17:25:03
TXN00539,U074,M100,B102,4292.7,SUCCESS,UPI,2026-05-08 13:55:52
TXN00540,U035,M084,B104,2590.74,FAILED,UPI,2026-05-08 15:31:36
TXN00541,U061,M017,B102,3025.65,SUCCESS,UPI,2026-05-08 08:19:26
TXN00542,U078,M040,B103,2147.84,SUCCESS,UPI,2026-05-08 17:11:21
TXN00543,U059,M033,B102,2360.16,SUCCESS,UPI,2026-05-08 20:41:46
TXN00544,U051,M075,B101,86.37,PENDING,UPI,2026-05-09 06:42:17
TXN00545,U072,M083,B105,3064.8,SUCCESS,UPI,2026-05-08 21:37:31
TXN00546,U062,M009,B103,4942.39,SUCCESS,UPI,2026-05-08 11:56:09
TXN00547,U034,M084,B103,982.38,SUCCESS,UPI,2026-05-08 18:04:51
TXN00548,U008,M077,B104,3319.63,SUCCESS,UPI,2026-05-08 16:44:56
TXN00549,U084,M064,B103,1334.16,SUCCESS,UPI,2026-05-08 08:55:36
TXN00550,U095,M005,B105,3554.94,SUCCESS,UPI,2026-05-08 22:08:11
TXN00551,U044,M093,B102,3447.27,SUCCESS,UPI,2026-05-08 14:54:52
TXN00552,U086,M046,B105,1535.96,SUCCESS,UPI,2026-05-09 01:19:15
TXN00553,U072,M024,B103,533.14,SUCCESS,UPI,2026-05-09 07:56:34
TXN00554,U093,M072,B102,4737.27,FAILED,UPI,2026-05-08 17:25:02
TXN00555,U012,M029,B103,1155.47,FAILED,UPI,2026-05-09 07:49:38
TXN00556,U043,M048,B103,2948.57,SUCCESS,UPI,2026-05-08 23:18:32
TXN00557,U061,M007,B105,2922.55,SUCCESS,UPI,2026-05-08 12:17:17
TXN00558,U025,M065,B101,4344.11,SUCCESS,UPI,2026-05-09 01:11:34
TXN00559,U053,M007,B102,729.96,SUCCESS,UPI,2026-05-08 18:51:46
TXN00560,U073,M059,B102,1616.1,SUCCESS,UPI,2026-05-08 22:53:53
TXN00561,U063,M043,B102,1601.4,SUCCESS,UPI,2026-05-08 10:56:32
TXN00562,U036,M027,B102,2902.58,SUCCESS,UPI,2026-05-09 00:27:31
TXN00563,U017,M079,B104,3185.76,SUCCESS,UPI,2026-05-08 11:12:19
TXN00564,U050,M001,B101,2692.22,SUCCESS,UPI,2026-05-09 01:22:53
TXN00565,U042,M097,B105,993.35,SUCCESS,UPI,2026-05-08 08:30:45
TXN00566,U094,M032,B102,3482.95,SUCCESS,UPI,2026-05-09 06:49:01
TXN00567,U014,M050,B105,2963.92,SUCCESS,UPI,2026-05-08 12:41:39
TXN00568,U039,M038,B104,3652.77,SUCCESS,UPI,2026-05-08 09:39:52
TXN00569,U056,M088,B102,1746.53,FAILED,UPI,2026-05-08 20:18:00
TXN00570,U097,M025,B102,4743.02,FAILED,UPI,2026-05-08 21:04:47
TXN00571,U003,M030,B102,3649.49,SUCCESS,UPI,2026-05-08 22:41:13
TXN00572,U076,M065,B102,659.65,SUCCESS,UPI,2026-05-08 08:47:52
TXN00573,U049,M082,B103,3867.69,SUCCESS,UPI,2026-05-08 09:21:37
TXN00574,U007,M085,B101,3285.16,SUCCESS,UPI,2026-05-09 05:37:26
TXN00575,U054,M057,B104,661.8,SUCCESS,UPI,2026-05-08 12:12:56
TXN00576,U027,M089,B101,1540.53,SUCCESS,UPI,2026-05-08 13:34:30
TXN00577,U035,M080,B105,3518.6,SUCCESS,UPI,2026-05-09 02:56:37
TXN00578,U066,M093,B105,632.79,SUCCESS,UPI,2026-05-08 11:49:11
TXN00579,U064,M026,B105,1038.76,SUCCESS,UPI,2026-05-08 11:52:08
TXN00580,U026,M046,B104,1511.99,SUCCESS,UPI,2026-05-09 03:02:49
TXN00581,U027,M089,B104,1686.49,SUCCESS,UPI,2026-05-09 02:04:18
TXN00582,U015,M074,B104,788.27,SUCCESS,UPI,2026-05-08 11:14:25
TXN00583,U010,M093,B101,4528.66,SUCCESS,UPI,2026-05-09 02:37:50
TXN00584,U038,M034,B104,297.9,FAILED,UPI,2026-05-09 00:37:47
TXN00585,U038,M047,B103,2158.68,SUCCESS,UPI,2026-05-08 09:26:10
TXN00586,U002,M018,B102,1676.87,FAILED,UPI,2026-05-08 09:40:14
TXN00587,U035,M094,B101,1894.48,SUCCESS,UPI,2026-05-09 06:38:21
TXN00588,U052,M052,B104,1395.57,SUCCESS,UPI,2026-05-08 12:08:40
TXN00589,U054,M084,B102,609.63,SUCCESS,UPI,2026-05-09 01:24:44
TXN00590,U021,M014,B104,4560.57,SUCCESS,UPI,2026-05-08 10:08:06
TXN00591,U087,M057,B102,3076.05,SUCCESS,UPI,2026-05-09 04:42:52
TXN00592,U004,M088,B102,2441.24,SUCCESS,UPI,2026-05-09 06:15:31
TXN00593,U057,M006,B101,1344.98,SUCCESS,UPI,2026-05-08 22:58:27
TXN00594,U099,M096,B105,3632.68,SUCCESS,UPI,2026-05-09 03:06:28
TXN00595,U067,M067,B105,521.45,SUCCESS,UPI,2026-05-08 20:19:01
TXN00596,U062,M045,B104,785.84,FAILED,UPI,2026-05-08 17:03:01
TXN00597,U007,M002,B102,2552.56,SUCCESS,UPI,2026-05-09 06:18:55
TXN00598,U022,M010,B104,1637.14,SUCCESS,UPI,2026-05-09 02:03:10
TXN00599,U007,M065,B102,2774.95,SUCCESS,UPI,2026-05-08 18:07:38
TXN00600,U011,M059,B104,4016.24,SUCCESS,UPI,2026-05-08 16:33:21
TXN00601,U058,M041,B101,4904.32,SUCCESS,UPI,2026-05-09 02:08:53
TXN00602,U014,M052,B104,227.37,SUCCESS,UPI,2026-05-08 08:38:49
TXN00603,U078,M080,B103,4456.05,SUCCESS,UPI,2026-05-08 11:18:33
TXN00604,U086,M059,B103,1848.55,SUCCESS,UPI,2026-05-09 07:49:59
TXN00605,U059,M043,B105,3848.71,SUCCESS,UPI,2026-05-08 16:06:58
TXN00606,U047,M092,B104,614.42,SUCCESS,UPI,2026-05-09 07:55:36
TXN00607,U001,M044,B103,4157.93,PENDING,UPI,2026-05-08 16:04:24
TXN00608,U071,M067,B103,3525.38,SUCCESS,UPI,2026-05-08 18:37:50
TXN00609,U064,M018,B104,579.46,SUCCESS,UPI,2026-05-08 13:58:36
TXN00610,U016,M051,B102,2312.38,SUCCESS,UPI,2026-05-08 14:49:41
TXN00611,U014,M097,B104,280.18,SUCCESS,UPI,2026-05-08 20:18:13
TXN00612,U016,M099,B104,2314.07,SUCCESS,UPI,2026-05-09 05:26:16
TXN00613,U018,M064,B101,2675.3,SUCCESS,UPI,2026-05-09 02:21:26
TXN00614,U075,M062,B105,3916.35,FAILED,UPI,2026-05-08 23:45:29
TXN00615,U023,M094,B102,562.59,SUCCESS,UPI,2026-05-09 05:03:52
TXN00616,U042,M065,B104,2122.39,SUCCESS,UPI,2026-05-09 06:04:10
TXN00617,U036,M051,B103,4853.93,SUCCESS,UPI,2026-05-08 17:02:17
TXN00618,U018,M053,B105,3515.07,SUCCESS,UPI,2026-05-08 12:51:21
TXN00619,U090,M071,B103,3573.78,FAILED,UPI,2026-05-08 18:52:59
TXN00620,U028,M026,B102,3139.63,SUCCESS,UPI,2026-05-09 07:01:53
TXN00621,U087,M017,B102,2544.27,SUCCESS,UPI,2026-05-08 20:34:18
TXN00622,U091,M015,B103,2833.29,SUCCESS,UPI,2026-05-08 19:44:15
TXN00623,U087,M096,B105,1465.34,FAILED,UPI,2026-05-08 23:11:59
TXN00624,U067,M014,B101,1935.31,SUCCESS,UPI,2026-05-08 08:27:53
TXN00625,U026,M035,B102,4918.49,SUCCESS,UPI,2026-05-08 10:03:39
TXN00626,U008,M089,B103,1059.8,SUCCESS,UPI,2026-05-08 13:19:52
TXN00627,U058,M014,B105,4346.78,SUCCESS,UPI,2026-05-08 21:03:33
TXN00628,U096,M083,B105,1974.99,SUCCESS,UPI,2026-05-08 16:10:00
TXN00629,U089,M086,B101,4636.1,SUCCESS,UPI,2026-05-08 18:28:21
TXN00630,U071,M007,B101,3731.17,SUCCESS,UPI,2026-05-08 19:23:00
TXN00631,U029,M082,B103,3787.78,SUCCESS,UPI,2026-05-09 00:07:53
TXN00632,U026,M100,B102,1506.18,SUCCESS,UPI,2026-05-09 05:58:07
TXN00633,U024,M023,B105,640.8,SUCCESS,UPI,2026-05-08 10:42:40
TXN00634,U072,M034,B102,846.6,FAILED,UPI,2026-05-08 18:09:43
TXN00635,U043,M060,B102,247.71,FAILED,UPI,2026-05-08 08:12:19
TXN00636,U007,M100,B105,4223.54,SUCCESS,UPI,2026-05-09 05:43:54
TXN00637,U071,M046,B101,3930.96,SUCCESS,UPI,2026-05-09 04:51:01
TXN00638,U024,M067,B101,3941.98,SUCCESS,UPI,2026-05-08 16:00:30
TXN00639,U069,M052,B101,1779.54,FAILED,UPI,2026-05-09 03:46:22
TXN00640,U043,M047,B103,1131.3,SUCCESS,UPI,2026-05-08 20:05:00
TXN00641,U061,M072,B101,617.87,SUCCESS,UPI,2026-05-09 03:18:53
TXN00642,U083,M079,B105,1256.94,SUCCESS,UPI,2026-05-08 16:45:02
TXN00643,U049,M015,B104,1320.12,SUCCESS,UPI,2026-05-08 19:41:05
TXN00644,U067,M099,B103,2595.83,SUCCESS,UPI,2026-05-08 08:53:58
TXN00645,U006,M038,B102,1635.55,SUCCESS,UPI,2026-05-09 01:43:26
TXN00646,U022,M099,B105,2689.37,SUCCESS,UPI,2026-05-08 11:29:37
TXN00647,U086,M081,B102,4331.51,SUCCESS,UPI,2026-05-08 15:40:27
TXN00648,U027,M069,B104,3250.48,FAILED,UPI,2026-05-08 11:47:01
TXN00649,U004,M059,B103,237.54,SUCCESS,UPI,2026-05-08 13:35:52
TXN00650,U033,M072,B101,2896.06,SUCCESS,UPI,2026-05-08 14:28:49
TXN00651,U053,M050,B104,3169.58,SUCCESS,UPI,2026-05-08 17:25:01
TXN00652,U050,M087,B101,2697.43,SUCCESS,UPI,2026-05-08 08:36:53
TXN00653,U009,M097,B105,275.31,FAILED,UPI,2026-05-09 06:30:48
TXN00654,U065,M014,B103,3945.11,SUCCESS,UPI,2026-05-08 21:01:24
TXN00655,U037,M098,B104,1938.0,FAILED,UPI,2026-05-08 11:08:58
TXN00656,U061,M021,B105,1138.34,SUCCESS,UPI,2026-05-08 09:07:19
TXN00657,U038,M082,B102,1525.38,FAILED,UPI,2026-05-09 03:52:09
TXN00658,U048,M002,B105,4380.1,SUCCESS,UPI,2026-05-09 07:35:26
TXN00659,U001,M074,B105,2000.7,SUCCESS,UPI,2026-05-08 09:31:15
TXN00660,U040,M027,B103,1098.1,FAILED,UPI,2026-05-08 11:05:57
TXN00661,U019,M021,B102,1142.9,FAILED,UPI,2026-05-09 02:39:41
TXN00662,U015,M024,B105,4268.64,FAILED,UPI,2026-05-08 15:04:30
TXN00663,U060,M083,B105,412.07,SUCCESS,UPI,2026-05-09 03:58:59
TXN00664,U013,M026,B105,2461.59,SUCCESS,UPI,2026-05-08 17:07:38
TXN00665,U086,M084,B102,545.22,SUCCESS,UPI,2026-05-08 12:40:05
TXN00666,U041,M063,B104,1675.31,SUCCESS,UPI,2026-05-08 15:02:42
TXN00667,U020,M073,B105,1854.24,SUCCESS,UPI,2026-05-09 05:16:08
TXN00668,U022,M001,B103,1268.57,SUCCESS,UPI,2026-05-08 23:35:39
TXN00669,U056,M036,B103,714.81,SUCCESS,UPI,2026-05-09 07:19:55
TXN00670,U060,M058,B103,3885.1,SUCCESS,UPI,2026-05-09 01:28:28
TXN00671,U023,M083,B105,455.77,SUCCESS,UPI,2026-05-08 11:57:44
TXN00672,U069,M026,B103,3681.05,SUCCESS,UPI,2026-05-08 13:05:50
TXN00673,U003,M065,B101,4072.58,SUCCESS,UPI,2026-05-08 10:44:42
TXN00674,U028,M005,B105,1340.05,FAILED,UPI,2026-05-09 05:28:57
TXN00675,U061,M084,B102,1860.8,SUCCESS,UPI,2026-05-09 03:38:56
TXN00676,U094,M038,B102,2350.27,SUCCESS,UPI,2026-05-09 05:28:00
TXN00677,U047,M065,B101,3330.26,FAILED,UPI,2026-05-08 22:26:47
TXN00678,U088,M022,B105,744.83,SUCCESS,UPI,2026-05-09 06:21:22
TXN00679,U073,M085,B102,3692.8,SUCCESS,UPI,2026-05-09 04:37:13
TXN00680,U006,M029,B104,1197.16,SUCCESS,UPI,2026-05-08 21:03:48
TXN00681,U006,M086,B102,2613.53,SUCCESS,UPI,2026-05-08 16:31:13
TXN00682,U061,M059,B101,247.53,SUCCESS,UPI,2026-05-08 22:07:48
TXN00683,U091,M067,B103,4182.62,SUCCESS,UPI,2026-05-08 11:45:29
TXN00684,U073,M023,B104,3285.69,SUCCESS,UPI,2026-05-09 03:49:09
TXN00685,U010,M067,B103,1912.83,FAILED,UPI,2026-05-09 07:47:14
TXN00686,U052,M046,B103,2459.96,SUCCESS,UPI,2026-05-09 02:48:01
TXN00687,U001,M065,B102,2227.5,SUCCESS,UPI,2026-05-09 05:59:55
TXN00688,U083,M036,B102,793.69,SUCCESS,UPI,2026-05-09 02:44:01
TXN00689,U092,M016,B102,2102.34,SUCCESS,UPI,2026-05-09 05:55:08
TXN00690,U062,M087,B104,2421.15,SUCCESS,UPI,2026-05-08 12:07:35
TXN00691,U053,M003,B102,263.56,SUCCESS,UPI,2026-05-09 07:33:57
TXN00692,U018,M081,B105,243.99,SUCCESS,UPI,2026-05-08 13:51:59
TXN00693,U022,M034,B102,2607.37,SUCCESS,UPI,2026-05-08 10:02:08
TXN00694,U082,M003,B103,4738.91,SUCCESS,UPI,2026-05-09 04:31:12
TXN00695,U061,M062,B102,1135.85,SUCCESS,UPI,2026-05-09 06:04:58
TXN00696,U075,M099,B102,3134.9,SUCCESS,UPI,2026-05-08 13:11:45
TXN00697,U093,M088,B103,4615.64,SUCCESS,UPI,2026-05-08 14:06:23
TXN00698,U030,M049,B104,704.46,SUCCESS,UPI,2026-05-08 10:30:23
TXN00699,U065,M088,B104,4141.25,SUCCESS,UPI,2026-05-09 03:01:52
TXN00700,U061,M079,B105,243.23,SUCCESS,UPI,2026-05-08 14:27:35
TXN00701,U097,M016,B101,2437.09,SUCCESS,UPI,2026-05-09 02:19:32
TXN00702,U070,M001,B104,2634.12,SUCCESS,UPI,2026-05-09 05:58:18
TXN00703,U090,M068,B104,1185.96,FAILED,UPI,2026-05-08 09:34:53
TXN00704,U045,M076,B105,533.7,SUCCESS,UPI,2026-05-08 21:52:49
TXN00705,U099,M030,B101,1452.17,FAILED,UPI,2026-05-09 01:22:19
TXN00706,U033,M025,B101,3560.29,SUCCESS,UPI,2026-05-08 22:52:42
TXN00707,U067,M016,B105,85.61,SUCCESS,UPI,2026-05-09 05:02:37
TXN00708,U053,M047,B101,816.15,SUCCESS,UPI,2026-05-08 19:30:05
TXN00709,U034,M069,B104,2845.12,SUCCESS,UPI,2026-05-08 17:14:04
TXN00710,U097,M027,B104,2782.92,SUCCESS,UPI,2026-05-08 22:28:15
TXN00711,U048,M072,B105,2444.61,PENDING,UPI,2026-05-08 14:30:25
TXN00712,U045,M100,B104,3692.12,FAILED,UPI,2026-05-09 05:01:53
TXN00713,U096,M030,B104,3926.39,FAILED,UPI,2026-05-08 12:20:08
TXN00714,U028,M066,B104,3941.1,FAILED,UPI,2026-05-08 11:39:03
TXN00715,U090,M088,B101,845.65,PENDING,UPI,2026-05-09 06:21:21
TXN00716,U012,M019,B104,4633.02,SUCCESS,UPI,2026-05-08 08:11:33
TXN00717,U034,M029,B103,446.2,SUCCESS,UPI,2026-05-08 10:19:59
TXN00718,U052,M079,B105,1468.02,PENDING,UPI,2026-05-08 21:59:34
TXN00719,U100,M023,B104,2222.91,SUCCESS,UPI,2026-05-08 10:05:31
TXN00720,U067,M037,B102,216.37,SUCCESS,UPI,2026-05-09 07:54:59
TXN00721,U090,M030,B105,888.94,SUCCESS,UPI,2026-05-09 02:46:48
TXN00722,U084,M001,B102,479.87,SUCCESS,UPI,2026-05-08 16:42:39
TXN00723,U046,M086,B104,2056.98,SUCCESS,UPI,2026-05-08 22:32:34
TXN00724,U095,M091,B101,4599.93,SUCCESS,UPI,2026-05-08 08:33:34
TXN00725,U075,M045,B103,4818.27,SUCCESS,UPI,2026-05-09 04:21:24
TXN00726,U025,M059,B104,2895.79,SUCCESS,UPI,2026-05-09 06:04:37
TXN00727,U065,M014,B105,408.31,SUCCESS,UPI,2026-05-08 22:49:23
TXN00728,U066,M033,B105,4075.08,SUCCESS,UPI,2026-05-08 12:15:36
TXN00729,U049,M073,B104,3861.34,SUCCESS,UPI,2026-05-09 00:07:14
TXN00730,U088,M059,B105,4317.02,SUCCESS,UPI,2026-05-09 00:42:22
TXN00731,U009,M049,B102,3400.72,SUCCESS,UPI,2026-05-08 17:23:12
TXN00732,U053,M046,B105,2701.48,SUCCESS,UPI,2026-05-08 19:29:43
TXN00733,U032,M037,B101,2024.71,SUCCESS,UPI,2026-05-08 17:35:17
TXN00734,U010,M071,B102,2408.95,SUCCESS,UPI,2026-05-08 20:27:05
TXN00735,U035,M024,B102,2520.05,SUCCESS,UPI,2026-05-09 04:53:17
TXN00736,U034,M027,B102,1053.69,SUCCESS,UPI,2026-05-08 16:48:46
TXN00737,U046,M020,B101,643.4,SUCCESS,UPI,2026-05-09 06:31:20
TXN00738,U079,M001,B105,4792.07,FAILED,UPI,2026-05-09 01:56:14
TXN00739,U080,M041,B104,4495.7,FAILED,UPI,2026-05-08 21:30:53
TXN00740,U036,M063,B102,4922.75,FAILED,UPI,2026-05-09 04:55:03
TXN00741,U051,M029,B105,684.82,SUCCESS,UPI,2026-05-08 18:12:15
TXN00742,U062,M070,B101,2537.25,SUCCESS,UPI,2026-05-08 23:24:26
TXN00743,U059,M016,B105,2327.35,SUCCESS,UPI,2026-05-08 14:21:51
TXN00744,U087,M027,B104,2925.99,SUCCESS,UPI,2026-05-08 08:25:49
TXN00745,U034,M024,B105,1351.1,SUCCESS,UPI,2026-05-09 06:18:38
TXN00746,U044,M047,B102,2518.91,SUCCESS,UPI,2026-05-09 06:19:18
TXN00747,U047,M052,B103,2281.11,SUCCESS,UPI,2026-05-08 21:33:19
TXN00748,U088,M030,B101,3618.04,FAILED,UPI,2026-05-09 04:58:03
TXN00749,U056,M049,B102,771.93,PENDING,UPI,2026-05-09 04:13:09
TXN00750,U061,M002,B102,2136.53,SUCCESS,UPI,2026-05-08 13:26:41
TXN00751,U067,M069,B103,3937.4,SUCCESS,UPI,2026-05-09 06:57:40
TXN00752,U073,M007,B104,539.93,SUCCESS,UPI,2026-05-09 04:28:00
TXN00753,U033,M061,B101,2276.78,SUCCESS,UPI,2026-05-08 15:50:41
TXN00754,U047,M072,B105,4662.63,SUCCESS,UPI,2026-05-08 21:08:32
TXN00755,U053,M016,B103,4343.47,PENDING,UPI,2026-05-08 08:43:19
TXN00756,U074,M074,B105,913.97,SUCCESS,UPI,2026-05-08 15:14:37
TXN00757,U042,M087,B105,2463.09,SUCCESS,UPI,2026-05-08 20:55:44
TXN00758,U049,M079,B103,2345.57,PENDING,UPI,2026-05-08 10:51:17
TXN00759,U082,M044,B104,3174.8,SUCCESS,UPI,2026-05-08 14:06:04
TXN00760,U011,M021,B103,1179.68,SUCCESS,UPI,2026-05-08 10:35:51
TXN00761,U091,M035,B105,3240.99,SUCCESS,UPI,2026-05-08 18:36:28
TXN00762,U100,M047,B105,2628.63,SUCCESS,UPI,2026-05-09 00:11:53
TXN00763,U024,M003,B102,3652.47,SUCCESS,UPI,2026-05-08 14:05:30
TXN00764,U027,M022,B104,559.9,SUCCESS,UPI,2026-05-08 10:54:54
TXN00765,U071,M007,B101,3866.12,SUCCESS,UPI,2026-05-09 01:13:41
TXN00766,U014,M034,B105,818.61,SUCCESS,UPI,2026-05-08 11:01:51
TXN00767,U040,M030,B102,3701.09,SUCCESS,UPI,2026-05-08 22:11:37
TXN00768,U017,M068,B102,191.43,SUCCESS,UPI,2026-05-08 12:36:09
TXN00769,U061,M060,B105,4677.54,SUCCESS,UPI,2026-05-08 19:50:24
TXN00770,U090,M070,B102,2974.61,SUCCESS,UPI,2026-05-08 12:55:09
TXN00771,U073,M056,B105,3216.94,SUCCESS,UPI,2026-05-09 07:09:02
TXN00772,U062,M070,B102,4033.3,SUCCESS,UPI,2026-05-08 20:38:24
TXN00773,U053,M034,B102,1552.69,SUCCESS,UPI,2026-05-08 21:19:03
TXN00774,U045,M037,B104,2698.74,SUCCESS,UPI,2026-05-08 12:57:45
TXN00775,U097,M062,B103,95.21,SUCCESS,UPI,2026-05-09 01:54:38
TXN00776,U077,M030,B101,2763.65,SUCCESS,UPI,2026-05-08 18:39:53
TXN00777,U056,M051,B102,858.18,SUCCESS,UPI,2026-05-09 04:24:32
TXN00778,U049,M029,B103,442.09,SUCCESS,UPI,2026-05-08 22:11:21
TXN00779,U098,M079,B103,1459.15,SUCCESS,UPI,2026-05-09 02:48:33
TXN00780,U053,M025,B101,952.92,SUCCESS,UPI,2026-05-08 17:47:15
TXN00781,U059,M080,B104,1397.06,SUCCESS,UPI,2026-05-09 07:11:18
TXN00782,U042,M003,B102,295.68,SUCCESS,UPI,2026-05-08 14:50:13
TXN00783,U014,M037,B103,668.94,SUCCESS,UPI,2026-05-08 14:46:11
TXN00784,U030,M012,B102,122.89,SUCCESS,UPI,2026-05-08 08:17:55
TXN00785,U040,M064,B103,2345.24,SUCCESS,UPI,2026-05-08 23:18:02
TXN00786,U011,M097,B102,327.39,SUCCESS,UPI,2026-05-08 20:01:26
TXN00787,U070,M061,B102,1001.35,FAILED,UPI,2026-05-08 10:35:56
TXN00788,U002,M016,B102,1954.75,PENDING,UPI,2026-05-08 21:53:34
TXN00789,U095,M005,B102,2331.13,SUCCESS,UPI,2026-05-08 16:59:56
TXN00790,U086,M027,B104,1976.16,PENDING,UPI,2026-05-09 02:58:26
TXN00791,U021,M081,B101,3736.39,SUCCESS,UPI,2026-05-08 19:45:44
TXN00792,U033,M062,B103,1033.68,FAILED,UPI,2026-05-08 12:26:49
TXN00793,U015,M031,B104,1656.34,SUCCESS,UPI,2026-05-08 15:55:45
TXN00794,U075,M016,B104,3956.26,SUCCESS,UPI,2026-05-08 18:03:08
TXN00795,U075,M089,B104,3457.61,SUCCESS,UPI,2026-05-08 09:31:44
TXN00796,U032,M021,B104,502.44,SUCCESS,UPI,2026-05-08 11:15:28
TXN00797,U008,M008,B103,3240.65,SUCCESS,UPI,2026-05-09 06:45:37
TXN00798,U017,M063,B102,1617.86,SUCCESS,UPI,2026-05-08 11:54:36
TXN00799,U097,M045,B104,3679.28,SUCCESS,UPI,2026-05-09 07:28:15
TXN00800,U046,M093,B102,1290.95,SUCCESS,UPI,2026-05-08 21:45:14
TXN00801,U072,M038,B105,3500.34,SUCCESS,UPI,2026-05-08 23:55:44
TXN00802,U070,M045,B103,3675.39,SUCCESS,UPI,2026-05-08 14:47:41
TXN00803,U071,M021,B101,2679.13,SUCCESS,UPI,2026-05-09 05:47:50
TXN00804,U070,M047,B104,53.56,SUCCESS,UPI,2026-05-08 17:35:17
TXN00805,U094,M024,B101,3117.69,SUCCESS,UPI,2026-05-08 21:48:01
TXN00806,U031,M042,B101,3308.53,SUCCESS,UPI,2026-05-09 06:34:50
TXN00807,U025,M068,B104,3840.38,SUCCESS,UPI,2026-05-08 22:06:29
TXN00808,U042,M053,B103,596.8,SUCCESS,UPI,2026-05-08 18:18:30
TXN00809,U006,M017,B102,4373.79,SUCCESS,UPI,2026-05-08 10:25:39
TXN00810,U025,M013,B101,2876.51,FAILED,UPI,2026-05-09 01:40:18
TXN00811,U063,M068,B105,3521.5,SUCCESS,UPI,2026-05-09 07:57:15
TXN00812,U029,M078,B101,114.78,FAILED,UPI,2026-05-08 21:20:18
TXN00813,U063,M011,B104,4015.05,SUCCESS,UPI,2026-05-09 07:52:30
TXN00814,U096,M054,B103,3981.54,SUCCESS,UPI,2026-05-09 04:19:00
TXN00815,U035,M068,B101,3684.79,FAILED,UPI,2026-05-09 06:27:42
TXN00816,U028,M067,B101,551.06,SUCCESS,UPI,2026-05-08 10:50:15
TXN00817,U025,M025,B105,3301.54,SUCCESS,UPI,2026-05-08 22:01:46
TXN00818,U072,M096,B105,2105.16,SUCCESS,UPI,2026-05-08 14:30:48
TXN00819,U074,M046,B104,3527.62,SUCCESS,UPI,2026-05-09 07:15:05
TXN00820,U022,M024,B105,2037.71,SUCCESS,UPI,2026-05-08 11:47:24
TXN00821,U069,M077,B104,4670.92,FAILED,UPI,2026-05-08 13:45:32
TXN00822,U042,M048,B104,3832.71,SUCCESS,UPI,2026-05-09 04:01:40
TXN00823,U078,M031,B105,2750.85,SUCCESS,UPI,2026-05-08 19:46:35
TXN00824,U096,M033,B103,4810.18,SUCCESS,UPI,2026-05-09 04:02:00
TXN00825,U001,M093,B101,4915.63,SUCCESS,UPI,2026-05-08 22:27:27
TXN00826,U018,M039,B101,1536.65,SUCCESS,UPI,2026-05-09 02:50:44
TXN00827,U003,M099,B103,4599.6,SUCCESS,UPI,2026-05-08 19:27:55
TXN00828,U074,M020,B101,236.79,SUCCESS,UPI,2026-05-09 04:46:38
TXN00829,U034,M047,B105,1286.79,SUCCESS,UPI,2026-05-08 13:02:21
TXN00830,U012,M074,B104,2866.87,SUCCESS,UPI,2026-05-08 18:56:01
TXN00831,U093,M042,B104,905.87,FAILED,UPI,2026-05-08 10:48:38
TXN00832,U013,M077,B103,234.99,FAILED,UPI,2026-05-09 04:58:47
TXN00833,U011,M100,B101,4613.26,SUCCESS,UPI,2026-05-08 21:53:30
TXN00834,U054,M016,B102,3751.01,FAILED,UPI,2026-05-08 23:48:45
TXN00835,U082,M100,B104,317.93,SUCCESS,UPI,2026-05-08 08:24:58
TXN00836,U070,M073,B102,1667.82,SUCCESS,UPI,2026-05-08 19:37:33
TXN00837,U007,M087,B104,4856.65,SUCCESS,UPI,2026-05-08 13:34:39
TXN00838,U065,M012,B102,2188.08,SUCCESS,UPI,2026-05-09 04:56:39
TXN00839,U017,M044,B101,2405.48,SUCCESS,UPI,2026-05-08 13:23:20
TXN00840,U052,M034,B101,2022.71,SUCCESS,UPI,2026-05-09 03:57:27
TXN00841,U098,M018,B104,2818.52,SUCCESS,UPI,2026-05-08 12:44:48
TXN00842,U074,M026,B105,3099.18,SUCCESS,UPI,2026-05-09 07:44:51
TXN00843,U032,M010,B103,3895.02,SUCCESS,UPI,2026-05-08 16:57:55
TXN00844,U012,M015,B104,2146.53,SUCCESS,UPI,2026-05-09 04:58:19
TXN00845,U045,M077,B101,3859.92,SUCCESS,UPI,2026-05-08 19:40:39
TXN00846,U079,M057,B105,771.8,SUCCESS,UPI,2026-05-08 20:43:58
TXN00847,U026,M088,B103,822.16,SUCCESS,UPI,2026-05-08 16:30:03
TXN00848,U015,M095,B101,1253.09,SUCCESS,UPI,2026-05-08 11:07:27
TXN00849,U037,M002,B103,3484.29,SUCCESS,UPI,2026-05-08 13:22:36
TXN00850,U061,M003,B103,1084.6,SUCCESS,UPI,2026-05-09 00:23:10
TXN00851,U070,M067,B103,2766.56,SUCCESS,UPI,2026-05-08 15:25:12
TXN00852,U089,M090,B101,1914.2,FAILED,UPI,2026-05-08 13:08:46
TXN00853,U006,M033,B102,347.54,SUCCESS,UPI,2026-05-09 03:10:48
TXN00854,U035,M007,B104,3291.05,SUCCESS,UPI,2026-05-09 06:29:57
TXN00855,U085,M035,B103,4328.2,SUCCESS,UPI,2026-05-08 22:09:00
TXN00856,U050,M030,B104,2567.27,SUCCESS,UPI,2026-05-09 07:38:39
TXN00857,U063,M077,B105,485.7,SUCCESS,UPI,2026-05-08 19:29:07
TXN00858,U072,M092,B101,246.77,FAILED,UPI,2026-05-09 00:40:29
TXN00859,U043,M063,B104,3734.73,SUCCESS,UPI,2026-05-08 19:06:07
TXN00860,U046,M081,B103,1219.21,PENDING,UPI,2026-05-08 20:48:45
TXN00861,U036,M008,B103,4399.45,FAILED,UPI,2026-05-09 02:15:00
TXN00862,U072,M036,B102,800.96,FAILED,UPI,2026-05-08 09:04:22
TXN00863,U018,M012,B104,2627.55,SUCCESS,UPI,2026-05-09 07:55:05
TXN00864,U088,M030,B104,1239.79,SUCCESS,UPI,2026-05-09 06:46:28
TXN00865,U078,M043,B104,2734.06,SUCCESS,UPI,2026-05-08 19:22:24
TXN00866,U075,M070,B102,4319.81,SUCCESS,UPI,2026-05-08 13:02:43
TXN00867,U018,M056,B102,3298.35,SUCCESS,UPI,2026-05-09 03:04:16
TXN00868,U041,M009,B105,2688.16,SUCCESS,UPI,2026-05-08 13:45:15
TXN00869,U041,M019,B101,3838.9,FAILED,UPI,2026-05-08 14:42:14
TXN00870,U053,M039,B104,3740.77,FAILED,UPI,2026-05-08 23:04:29
TXN00871,U095,M036,B102,3906.58,SUCCESS,UPI,2026-05-09 07:11:12
TXN00872,U004,M098,B105,3103.89,SUCCESS,UPI,2026-05-08 14:43:35
TXN00873,U030,M077,B102,1193.02,SUCCESS,UPI,2026-05-09 06:17:43
TXN00874,U089,M100,B104,713.73,FAILED,UPI,2026-05-08 10:53:37
TXN00875,U092,M084,B103,960.68,SUCCESS,UPI,2026-05-09 01:04:01
TXN00876,U018,M021,B102,1170.05,SUCCESS,UPI,2026-05-09 01:15:08
TXN00877,U035,M053,B102,3724.71,PENDING,UPI,2026-05-08 08:32:47
TXN00878,U009,M023,B104,4342.29,SUCCESS,UPI,2026-05-08 15:26:52
TXN00879,U059,M032,B104,2054.09,SUCCESS,UPI,2026-05-08 19:49:44
TXN00880,U093,M041,B104,3076.95,SUCCESS,UPI,2026-05-08 21:50:56
TXN00881,U069,M068,B101,2627.21,SUCCESS,UPI,2026-05-09 05:37:11
TXN00882,U032,M067,B105,2008.28,SUCCESS,UPI,2026-05-08 09:32:39
TXN00883,U050,M067,B101,989.76,SUCCESS,UPI,2026-05-09 04:18:18
TXN00884,U100,M037,B104,874.11,SUCCESS,UPI,2026-05-08 19:05:18
TXN00885,U089,M067,B102,2344.72,SUCCESS,UPI,2026-05-08 09:59:09
TXN00886,U093,M065,B101,939.87,SUCCESS,UPI,2026-05-08 11:17:34
TXN00887,U018,M051,B104,1651.13,SUCCESS,UPI,2026-05-09 03:53:38
TXN00888,U076,M092,B102,4418.61,SUCCESS,UPI,2026-05-09 00:31:04
TXN00889,U089,M084,B102,3605.95,SUCCESS,UPI,2026-05-08 19:47:57
TXN00890,U091,M058,B103,472.27,SUCCESS,UPI,2026-05-08 12:09:23
TXN00891,U079,M021,B104,2774.21,SUCCESS,UPI,2026-05-09 02:37:45
TXN00892,U043,M073,B102,852.51,SUCCESS,UPI,2026-05-08 14:13:18
TXN00893,U054,M040,B103,3664.3,PENDING,UPI,2026-05-08 09:52:05
TXN00894,U081,M024,B101,4497.78,PENDING,UPI,2026-05-08 18:30:51
TXN00895,U080,M098,B103,110.43,SUCCESS,UPI,2026-05-08 08:07:43
TXN00896,U070,M001,B105,4419.38,SUCCESS,UPI,2026-05-09 02:09:18
TXN00897,U085,M061,B104,2080.25,SUCCESS,UPI,2026-05-09 05:26:23
TXN00898,U001,M032,B105,1426.66,SUCCESS,UPI,2026-05-09 05:50:56
TXN00899,U007,M024,B102,322.57,SUCCESS,UPI,2026-05-08 15:33:35
TXN00900,U005,M086,B105,4198.17,SUCCESS,UPI,2026-05-08 13:17:34
TXN00901,U007,M014,B104,4968.99,SUCCESS,UPI,2026-05-08 11:11:35
TXN00902,U079,M085,B105,2882.8,SUCCESS,UPI,2026-05-08 18:21:14
TXN00903,U096,M075,B103,4660.83,SUCCESS,UPI,2026-05-09 00:34:42
TXN00904,U042,M048,B104,4110.31,SUCCESS,UPI,2026-05-08 18:53:49
TXN00905,U009,M038,B104,716.0,SUCCESS,UPI,2026-05-09 04:02:31
TXN00906,U043,M068,B104,2647.0,SUCCESS,UPI,2026-05-08 17:59:28
TXN00907,U008,M014,B105,3662.16,SUCCESS,UPI,2026-05-09 06:17:03
TXN00908,U062,M093,B105,4672.76,PENDING,UPI,2026-05-08 11:11:31
TXN00909,U055,M078,B103,1335.32,SUCCESS,UPI,2026-05-08 18:27:22
TXN00910,U046,M017,B105,2835.04,SUCCESS,UPI,2026-05-09 06:41:29
TXN00911,U064,M064,B102,4424.14,SUCCESS,UPI,2026-05-09 07:00:18
TXN00912,U025,M001,B101,168.73,SUCCESS,UPI,2026-05-08 18:34:34
TXN00913,U095,M027,B105,4994.99,SUCCESS,UPI,2026-05-08 12:17:36
TXN00914,U045,M072,B102,105.92,SUCCESS,UPI,2026-05-08 20:09:10
TXN00915,U033,M009,B103,1536.41,SUCCESS,UPI,2026-05-08 18:15:13
TXN00916,U015,M088,B103,1739.74,SUCCESS,UPI,2026-05-08 08:13:23
TXN00917,U004,M023,B102,1686.05,SUCCESS,UPI,2026-05-09 06:25:39
TXN00918,U061,M005,B102,2433.4,SUCCESS,UPI,2026-05-09 01:26:37
TXN00919,U043,M060,B104,4642.56,SUCCESS,UPI,2026-05-09 03:33:01
TXN00920,U039,M073,B103,2798.13,SUCCESS,UPI,2026-05-09 02:58:18
TXN00921,U088,M043,B103,377.75,SUCCESS,UPI,2026-05-09 05:01:20
TXN00922,U044,M049,B105,4219.91,SUCCESS,UPI,2026-05-08 09:08:05
TXN00923,U024,M077,B101,4329.74,SUCCESS,UPI,2026-05-08 22:11:01
TXN00924,U091,M005,B103,2098.65,SUCCESS,UPI,2026-05-08 19:27:02
TXN00925,U048,M058,B103,1119.89,SUCCESS,UPI,2026-05-08 16:39:08
TXN00926,U048,M005,B102,4571.1,SUCCESS,UPI,2026-05-08 12:05:10
TXN00927,U062,M065,B102,991.55,FAILED,UPI,2026-05-08 08:54:28
TXN00928,U040,M100,B103,759.31,FAILED,UPI,2026-05-09 03:03:52
TXN00929,U087,M017,B102,3636.62,SUCCESS,UPI,2026-05-09 02:47:32
TXN00930,U015,M001,B103,4665.07,SUCCESS,UPI,2026-05-09 03:01:04
TXN00931,U012,M043,B104,4451.47,SUCCESS,UPI,2026-05-09 05:38:14
TXN00932,U096,M040,B101,2908.92,SUCCESS,UPI,2026-05-09 07:59:34
TXN00933,U042,M026,B102,1468.51,SUCCESS,UPI,2026-05-08 15:38:24
TXN00934,U086,M016,B103,789.14,SUCCESS,UPI,2026-05-09 00:03:37
TXN00935,U080,M072,B105,556.76,SUCCESS,UPI,2026-05-08 08:33:19
TXN00936,U041,M035,B102,4719.23,FAILED,UPI,2026-05-09 04:00:06
TXN00937,U032,M022,B101,1591.32,FAILED,UPI,2026-05-09 04:54:06
TXN00938,U057,M007,B102,193.51,FAILED,UPI,2026-05-09 03:40:54
TXN00939,U014,M050,B101,476.29,SUCCESS,UPI,2026-05-08 09:50:13
TXN00940,U076,M081,B104,3100.76,SUCCESS,UPI,2026-05-09 05:42:14
TXN00941,U092,M098,B105,438.8,FAILED,UPI,2026-05-08 15:12:51
TXN00942,U073,M017,B101,4073.61,FAILED,UPI,2026-05-09 00:57:19
TXN00943,U013,M059,B103,3438.17,SUCCESS,UPI,2026-05-09 01:02:57
TXN00944,U061,M030,B102,761.42,FAILED,UPI,2026-05-09 00:56:40
TXN00945,U047,M051,B102,3513.09,SUCCESS,UPI,2026-05-08 17:23:43
TXN00946,U059,M063,B101,373.56,SUCCESS,UPI,2026-05-08 19:49:27
TXN00947,U060,M022,B103,3851.31,SUCCESS,UPI,2026-05-09 01:25:37
TXN00948,U066,M014,B104,4096.89,SUCCESS,UPI,2026-05-08 12:38:17
TXN00949,U072,M084,B101,3972.53,SUCCESS,UPI,2026-05-08 19:51:52
TXN00950,U076,M053,B102,3123.33,SUCCESS,UPI,2026-05-08 22:35:35
TXN00951,U050,M009,B103,1080.78,SUCCESS,UPI,2026-05-09 01:33:45
TXN00952,U056,M073,B103,2745.41,SUCCESS,UPI,2026-05-08 23:41:51
TXN00953,U095,M092,B105,4191.9,SUCCESS,UPI,2026-05-08 10:50:09
TXN00954,U060,M042,B105,533.39,SUCCESS,UPI,2026-05-09 05:42:08
TXN00955,U052,M009,B105,588.29,FAILED,UPI,2026-05-08 19:12:54
TXN00956,U042,M064,B101,498.14,FAILED,UPI,2026-05-08 21:47:44
TXN00957,U097,M082,B101,3797.53,SUCCESS,UPI,2026-05-09 05:08:42
TXN00958,U069,M038,B104,3097.08,SUCCESS,UPI,2026-05-09 00:29:32
TXN00959,U088,M041,B103,2872.87,FAILED,UPI,2026-05-08 15:29:16
TXN00960,U056,M092,B103,4951.93,SUCCESS,UPI,2026-05-08 19:05:17
TXN00961,U066,M052,B102,4269.9,SUCCESS,UPI,2026-05-09 06:15:49
TXN00962,U007,M001,B105,4112.73,SUCCESS,UPI,2026-05-09 03:59:03
TXN00963,U004,M031,B104,3526.0,SUCCESS,UPI,2026-05-08 18:16:29
TXN00964,U092,M049,B104,1938.75,SUCCESS,UPI,2026-05-08 19:34:57
TXN00965,U061,M018,B102,2799.34,FAILED,UPI,2026-05-08 14:18:49
TXN00966,U054,M020,B103,4987.41,SUCCESS,UPI,2026-05-08 21:07:03
TXN00967,U002,M010,B101,762.78,FAILED,UPI,2026-05-08 12:53:20
TXN00968,U056,M018,B101,729.24,FAILED,UPI,2026-05-09 07:57:15
TXN00969,U090,M078,B104,3135.08,SUCCESS,UPI,2026-05-09 00:36:12
TXN00970,U071,M058,B104,1808.77,SUCCESS,UPI,2026-05-08 23:26:30
TXN00971,U001,M074,B104,4241.68,SUCCESS,UPI,2026-05-09 06:00:42
TXN00972,U035,M053,B105,2902.94,SUCCESS,UPI,2026-05-09 02:16:02
TXN00973,U073,M062,B103,610.16,SUCCESS,UPI,2026-05-08 09:22:43
TXN00974,U019,M094,B105,4918.72,PENDING,UPI,2026-05-08 10:54:54
TXN00975,U060,M067,B101,2640.62,SUCCESS,UPI,2026-05-08 18:10:24
TXN00976,U061,M081,B101,3436.17,SUCCESS,UPI,2026-05-08 16:55:42
TXN00977,U040,M079,B101,4522.75,SUCCESS,UPI,2026-05-09 05:06:13
TXN00978,U061,M059,B105,4534.97,SUCCESS,UPI,2026-05-08 08:23:33
TXN00979,U054,M046,B103,1481.58,SUCCESS,UPI,2026-05-08 20:04:12
TXN00980,U096,M039,B105,1339.19,SUCCESS,UPI,2026-05-09 05:45:33
TXN00981,U022,M074,B101,3298.78,SUCCESS,UPI,2026-05-09 05:02:58
TXN00982,U004,M037,B104,458.43,SUCCESS,UPI,2026-05-09 06:43:50
TXN00983,U033,M017,B105,1440.81,FAILED,UPI,2026-05-08 18:06:58
TXN00984,U095,M015,B105,914.34,SUCCESS,UPI,2026-05-08 08:31:01
TXN00985,U085,M058,B103,4048.81,SUCCESS,UPI,2026-05-08 13:30:09
TXN00986,U063,M024,B105,4316.97,SUCCESS,UPI,2026-05-08 16:35:58
TXN00987,U019,M077,B102,4196.19,SUCCESS,UPI,2026-05-08 11:04:22
TXN00988,U099,M050,B102,3320.3,SUCCESS,UPI,2026-05-08 23:02:05
TXN00989,U027,M074,B103,318.91,SUCCESS,UPI,2026-05-08 14:05:26
TXN00990,U007,M022,B104,2023.79,SUCCESS,UPI,2026-05-08 12:13:23
TXN00991,U030,M049,B104,2399.22,SUCCESS,UPI,2026-05-09 03:23:18
TXN00992,U002,M037,B104,1940.92,SUCCESS,UPI,2026-05-08 23:49:41
TXN00993,U088,M006,B101,4592.68,SUCCESS,UPI,2026-05-09 03:18:21
TXN00994,U079,M084,B103,1708.09,SUCCESS,UPI,2026-05-08 23:43:15
TXN00995,U033,M084,B105,1986.21,SUCCESS,UPI,2026-05-08 11:34:41
TXN00996,U094,M087,B105,3863.96,SUCCESS,UPI,2026-05-08 16:48:12
TXN00997,U041,M071,B101,3380.37,FAILED,UPI,2026-05-08 14:33:02
TXN00998,U053,M013,B105,564.34,SUCCESS,UPI,2026-05-08 08:26:07
TXN00999,U093,M037,B103,1005.74,SUCCESS,UPI,2026-05-08 15:59:19
TXN01000,U008,M077,B102,4754.92,SUCCESS,UPI,2026-05-08 11:20:50
